,path,actor,gender,emotion_label,emotion
0,RAVDESS/Actor_01/03-01-01-01-01-01-01.wav,1,male,neutral,1
1,RAVDESS/Actor_01/03-01-01-01-01-02-01.wav,1,male,neutral,1
2,RAVDESS/Actor_01/03-01-01-01-02-01-01.wav,1,male,neutral,1
3,RAVDESS/Actor_01/03-01-01-01-02-02-01.wav,1,male,neutral,1
4,RAVDESS/Actor_01/03-01-02-01-01-01-01.wav,1,male,calm,2
5,RAVDESS/Actor_01/03-01-02-01-01-02-01.wav,1,male,calm,2
6,RAVDESS/Actor_01/03-01-02-01-02-01-01.wav,1,male,calm,2
7,RAVDESS/Actor_01/03-01-02-01-02-02-01.wav,1,male,calm,2
8,RAVDESS/Actor_01/03-01-02-02-01-01-01.wav,1,male,calm,2
9,RAVDESS/Actor_01/03-01-02-02-01-02-01.wav,1,male,calm,2
10,RAVDESS/Actor_01/03-01-02-02-02-01-01.wav,1,male,calm,2
11,RAVDESS/Actor_01/03-01-02-02-02-02-01.wav,1,male,calm,2
12,RAVDESS/Actor_01/03-01-03-01-01-01-01.wav,1,male,happy,3
13,RAVDESS/Actor_01/03-01-03-01-01-02-01.wav,1,male,happy,3
14,RAVDESS/Actor_01/03-01-03-01-02-01-01.wav,1,male,happy,3
15,RAVDESS/Actor_01/03-01-03-01-02-02-01.wav,1,male,happy,3
16,RAVDESS/Actor_01/03-01-03-02-01-01-01.wav,1,male,happy,3
17,RAVDESS/Actor_01/03-01-03-02-01-02-01.wav,1,male,happy,3
18,RAVDESS/Actor_01/03-01-03-02-02-01-01.wav,1,male,happy,3
19,RAVDESS/Actor_01/03-01-03-02-02-02-01.wav,1,male,happy,3
20,RAVDESS/Actor_01/03-01-04-01-01-01-01.wav,1,male,sad,4
21,RAVDESS/Actor_01/03-01-04-01-01-02-01.wav,1,male,sad,4
22,RAVDESS/Actor_01/03-01-04-01-02-01-01.wav,1,male,sad,4
23,RAVDESS/Actor_01/03-01-04-01-02-02-01.wav,1,male,sad,4
24,RAVDESS/Actor_01/03-01-04-02-01-01-01.wav,1,male,sad,4
25,RAVDESS/Actor_01/03-01-04-02-01-02-01.wav,1,male,sad,4
26,RAVDESS/Actor_01/03-01-04-02-02-01-01.wav,1,male,sad,4
27,RAVDESS/Actor_01/03-01-04-02-02-02-01.wav,1,male,sad,4
28,RAVDESS/Actor_01/03-01-05-01-01-01-01.wav,1,male,angry,5
29,RAVDESS/Actor_01/03-01-05-01-01-02-01.wav,1,male,angry,5
30,RAVDESS/Actor_01/03-01-05-01-02-01-01.wav,1,male,angry,5
31,RAVDESS/Actor_01/03-01-05-01-02-02-01.wav,1,male,angry,5
32,RAVDESS/Actor_01/03-01-05-02-01-01-01.wav,1,male,angry,5
33,RAVDESS/Actor_01/03-01-05-02-01-02-01.wav,1,male,angry,5
34,RAVDESS/Actor_01/03-01-05-02-02-01-01.wav,1,male,angry,5
35,RAVDESS/Actor_01/03-01-05-02-02-02-01.wav,1,male,angry,5
36,RAVDESS/Actor_01/03-01-06-01-01-01-01.wav,1,male,fearful,6
37,RAVDESS/Actor_01/03-01-06-01-01-02-01.wav,1,male,fearful,6
38,RAVDESS/Actor_01/03-01-06-01-02-01-01.wav,1,male,fearful,6
39,RAVDESS/Actor_01/03-01-06-01-02-02-01.wav,1,male,fearful,6
40,RAVDESS/Actor_01/03-01-06-02-01-01-01.wav,1,male,fearful,6
41,RAVDESS/Actor_01/03-01-06-02-01-02-01.wav,1,male,fearful,6
42,RAVDESS/Actor_01/03-01-06-02-02-01-01.wav,1,male,fearful,6
43,RAVDESS/Actor_01/03-01-06-02-02-02-01.wav,1,male,fearful,6
44,RAVDESS/Actor_01/03-01-07-01-01-01-01.wav,1,male,disgust,7
45,RAVDESS/Actor_01/03-01-07-01-01-02-01.wav,1,male,disgust,7
46,RAVDESS/Actor_01/03-01-07-01-02-01-01.wav,1,male,disgust,7
47,RAVDESS/Actor_01/03-01-07-01-02-02-01.wav,1,male,disgust,7
48,RAVDESS/Actor_01/03-01-07-02-01-01-01.wav,1,male,disgust,7
49,RAVDESS/Actor_01/03-01-07-02-01-02-01.wav,1,male,disgust,7
50,RAVDESS/Actor_01/03-01-07-02-02-01-01.wav,1,male,disgust,7
51,RAVDESS/Actor_01/03-01-07-02-02-02-01.wav,1,male,disgust,7
52,RAVDESS/Actor_01/03-01-08-01-01-01-01.wav,1,male,surprised,8
53,RAVDESS/Actor_01/03-01-08-01-01-02-01.wav,1,male,surprised,8
54,RAVDESS/Actor_01/03-01-08-01-02-01-01.wav,1,male,surprised,8
55,RAVDESS/Actor_01/03-01-08-01-02-02-01.wav,1,male,surprised,8
56,RAVDESS/Actor_01/03-01-08-02-01-01-01.wav,1,male,surprised,8
57,RAVDESS/Actor_01/03-01-08-02-01-02-01.wav,1,male,surprised,8
58,RAVDESS/Actor_01/03-01-08-02-02-01-01.wav,1,male,surprised,8
59,RAVDESS/Actor_01/03-01-08-02-02-02-01.wav,1,male,surprised,8
60,RAVDESS/Actor_02/03-01-01-01-01-01-02.wav,2,female,neutral,1
61,RAVDESS/Actor_02/03-01-01-01-01-02-02.wav,2,female,neutral,1
62,RAVDESS/Actor_02/03-01-01-01-02-01-02.wav,2,female,neutral,1
63,RAVDESS/Actor_02/03-01-01-01-02-02-02.wav,2,female,neutral,1
64,RAVDESS/Actor_02/03-01-02-01-01-01-02.wav,2,female,calm,2
65,RAVDESS/Actor_02/03-01-02-01-01-02-02.wav,2,female,calm,2
66,RAVDESS/Actor_02/03-01-02-01-02-01-02.wav,2,female,calm,2
67,RAVDESS/Actor_02/03-01-02-01-02-02-02.wav,2,female,calm,2
68,RAVDESS/Actor_02/03-01-02-02-01-01-02.wav,2,female,calm,2
69,RAVDESS/Actor_02/03-01-02-02-01-02-02.wav,2,female,calm,2
70,RAVDESS/Actor_02/03-01-02-02-02-01-02.wav,2,female,calm,2
71,RAVDESS/Actor_02/03-01-02-02-02-02-02.wav,2,female,calm,2
72,RAVDESS/Actor_02/03-01-03-01-01-01-02.wav,2,female,happy,3
73,RAVDESS/Actor_02/03-01-03-01-01-02-02.wav,2,female,happy,3
74,RAVDESS/Actor_02/03-01-03-01-02-01-02.wav,2,female,happy,3
75,RAVDESS/Actor_02/03-01-03-01-02-02-02.wav,2,female,happy,3
76,RAVDESS/Actor_02/03-01-03-02-01-01-02.wav,2,female,happy,3
77,RAVDESS/Actor_02/03-01-03-02-01-02-02.wav,2,female,happy,3
78,RAVDESS/Actor_02/03-01-03-02-02-01-02.wav,2,female,happy,3
79,RAVDESS/Actor_02/03-01-03-02-02-02-02.wav,2,female,happy,3
80,RAVDESS/Actor_02/03-01-04-01-01-01-02.wav,2,female,sad,4
81,RAVDESS/Actor_02/03-01-04-01-01-02-02.wav,2,female,sad,4
82,RAVDESS/Actor_02/03-01-04-01-02-01-02.wav,2,female,sad,4
83,RAVDESS/Actor_02/03-01-04-01-02-02-02.wav,2,female,sad,4
84,RAVDESS/Actor_02/03-01-04-02-01-01-02.wav,2,female,sad,4
85,RAVDESS/Actor_02/03-01-04-02-01-02-02.wav,2,female,sad,4
86,RAVDESS/Actor_02/03-01-04-02-02-01-02.wav,2,female,sad,4
87,RAVDESS/Actor_02/03-01-04-02-02-02-02.wav,2,female,sad,4
88,RAVDESS/Actor_02/03-01-05-01-01-01-02.wav,2,female,angry,5
89,RAVDESS/Actor_02/03-01-05-01-01-02-02.wav,2,female,angry,5
90,RAVDESS/Actor_02/03-01-05-01-02-01-02.wav,2,female,angry,5
91,RAVDESS/Actor_02/03-01-05-01-02-02-02.wav,2,female,angry,5
92,RAVDESS/Actor_02/03-01-05-02-01-01-02.wav,2,female,angry,5
93,RAVDESS/Actor_02/03-01-05-02-01-02-02.wav,2,female,angry,5
94,RAVDESS/Actor_02/03-01-05-02-02-01-02.wav,2,female,angry,5
95,RAVDESS/Actor_02/03-01-05-02-02-02-02.wav,2,female,angry,5
96,RAVDESS/Actor_02/03-01-06-01-01-01-02.wav,2,female,fearful,6
97,RAVDESS/Actor_02/03-01-06-01-01-02-02.wav,2,female,fearful,6
98,RAVDESS/Actor_02/03-01-06-01-02-01-02.wav,2,female,fearful,6
99,RAVDESS/Actor_02/03-01-06-01-02-02-02.wav,2,female,fearful,6
100,RAVDESS/Actor_02/03-01-06-02-01-01-02.wav,2,female,fearful,6
101,RAVDESS/Actor_02/03-01-06-02-01-02-02.wav,2,female,fearful,6
102,RAVDESS/Actor_02/03-01-06-02-02-01-02.wav,2,female,fearful,6
103,RAVDESS/Actor_02/03-01-06-02-02-02-02.wav,2,female,fearful,6
104,RAVDESS/Actor_02/03-01-07-01-01-01-02.wav,2,female,disgust,7
105,RAVDESS/Actor_02/03-01-07-01-01-02-02.wav,2,female,disgust,7
106,RAVDESS/Actor_02/03-01-07-01-02-01-02.wav,2,female,disgust,7
107,RAVDESS/Actor_02/03-01-07-01-02-02-02.wav,2,female,disgust,7
108,RAVDESS/Actor_02/03-01-07-02-01-01-02.wav,2,female,disgust,7
109,RAVDESS/Actor_02/03-01-07-02-01-02-02.wav,2,female,disgust,7
110,RAVDESS/Actor_02/03-01-07-02-02-01-02.wav,2,female,disgust,7
111,RAVDESS/Actor_02/03-01-07-02-02-02-02.wav,2,female,disgust,7
112,RAVDESS/Actor_02/03-01-08-01-01-01-02.wav,2,female,surprised,8
113,RAVDESS/Actor_02/03-01-08-01-01-02-02.wav,2,female,surprised,8
114,RAVDESS/Actor_02/03-01-08-01-02-01-02.wav,2,female,surprised,8
115,RAVDESS/Actor_02/03-01-08-01-02-02-02.wav,2,female,surprised,8
116,RAVDESS/Actor_02/03-01-08-02-01-01-02.wav,2,female,surprised,8
117,RAVDESS/Actor_02/03-01-08-02-01-02-02.wav,2,female,surprised,8
118,RAVDESS/Actor_02/03-01-08-02-02-01-02.wav,2,female,surprised,8
119,RAVDESS/Actor_02/03-01-08-02-02-02-02.wav,2,female,surprised,8
120,RAVDESS/Actor_03/03-01-01-01-01-01-03.wav,3,male,neutral,1
121,RAVDESS/Actor_03/03-01-01-01-01-02-03.wav,3,male,neutral,1
122,RAVDESS/Actor_03/03-01-01-01-02-01-03.wav,3,male,neutral,1
123,RAVDESS/Actor_03/03-01-01-01-02-02-03.wav,3,male,neutral,1
124,RAVDESS/Actor_03/03-01-02-01-01-01-03.wav,3,male,calm,2
125,RAVDESS/Actor_03/03-01-02-01-01-02-03.wav,3,male,calm,2
126,RAVDESS/Actor_03/03-01-02-01-02-01-03.wav,3,male,calm,2
127,RAVDESS/Actor_03/03-01-02-01-02-02-03.wav,3,male,calm,2
128,RAVDESS/Actor_03/03-01-02-02-01-01-03.wav,3,male,calm,2
129,RAVDESS/Actor_03/03-01-02-02-01-02-03.wav,3,male,calm,2
130,RAVDESS/Actor_03/03-01-02-02-02-01-03.wav,3,male,calm,2
131,RAVDESS/Actor_03/03-01-02-02-02-02-03.wav,3,male,calm,2
132,RAVDESS/Actor_03/03-01-03-01-01-01-03.wav,3,male,happy,3
133,RAVDESS/Actor_03/03-01-03-01-01-02-03.wav,3,male,happy,3
134,RAVDESS/Actor_03/03-01-03-01-02-01-03.wav,3,male,happy,3
135,RAVDESS/Actor_03/03-01-03-01-02-02-03.wav,3,male,happy,3
136,RAVDESS/Actor_03/03-01-03-02-01-01-03.wav,3,male,happy,3
137,RAVDESS/Actor_03/03-01-03-02-01-02-03.wav,3,male,happy,3
138,RAVDESS/Actor_03/03-01-03-02-02-01-03.wav,3,male,happy,3
139,RAVDESS/Actor_03/03-01-03-02-02-02-03.wav,3,male,happy,3
140,RAVDESS/Actor_03/03-01-04-01-01-01-03.wav,3,male,sad,4
141,RAVDESS/Actor_03/03-01-04-01-01-02-03.wav,3,male,sad,4
142,RAVDESS/Actor_03/03-01-04-01-02-01-03.wav,3,male,sad,4
143,RAVDESS/Actor_03/03-01-04-01-02-02-03.wav,3,male,sad,4
144,RAVDESS/Actor_03/03-01-04-02-01-01-03.wav,3,male,sad,4
145,RAVDESS/Actor_03/03-01-04-02-01-02-03.wav,3,male,sad,4
146,RAVDESS/Actor_03/03-01-04-02-02-01-03.wav,3,male,sad,4
147,RAVDESS/Actor_03/03-01-04-02-02-02-03.wav,3,male,sad,4
148,RAVDESS/Actor_03/03-01-05-01-01-01-03.wav,3,male,angry,5
149,RAVDESS/Actor_03/03-01-05-01-01-02-03.wav,3,male,angry,5
150,RAVDESS/Actor_03/03-01-05-01-02-01-03.wav,3,male,angry,5
151,RAVDESS/Actor_03/03-01-05-01-02-02-03.wav,3,male,angry,5
152,RAVDESS/Actor_03/03-01-05-02-01-01-03.wav,3,male,angry,5
153,RAVDESS/Actor_03/03-01-05-02-01-02-03.wav,3,male,angry,5
154,RAVDESS/Actor_03/03-01-05-02-02-01-03.wav,3,male,angry,5
155,RAVDESS/Actor_03/03-01-05-02-02-02-03.wav,3,male,angry,5
156,RAVDESS/Actor_03/03-01-06-01-01-01-03.wav,3,male,fearful,6
157,RAVDESS/Actor_03/03-01-06-01-01-02-03.wav,3,male,fearful,6
158,RAVDESS/Actor_03/03-01-06-01-02-01-03.wav,3,male,fearful,6
159,RAVDESS/Actor_03/03-01-06-01-02-02-03.wav,3,male,fearful,6
160,RAVDESS/Actor_03/03-01-06-02-01-01-03.wav,3,male,fearful,6
161,RAVDESS/Actor_03/03-01-06-02-01-02-03.wav,3,male,fearful,6
162,RAVDESS/Actor_03/03-01-06-02-02-01-03.wav,3,male,fearful,6
163,RAVDESS/Actor_03/03-01-06-02-02-02-03.wav,3,male,fearful,6
164,RAVDESS/Actor_03/03-01-07-01-01-01-03.wav,3,male,disgust,7
165,RAVDESS/Actor_03/03-01-07-01-01-02-03.wav,3,male,disgust,7
166,RAVDESS/Actor_03/03-01-07-01-02-01-03.wav,3,male,disgust,7
167,RAVDESS/Actor_03/03-01-07-01-02-02-03.wav,3,male,disgust,7
168,RAVDESS/Actor_03/03-01-07-02-01-01-03.wav,3,male,disgust,7
169,RAVDESS/Actor_03/03-01-07-02-01-02-03.wav,3,male,disgust,7
170,RAVDESS/Actor_03/03-01-07-02-02-01-03.wav,3,male,disgust,7
171,RAVDESS/Actor_03/03-01-07-02-02-02-03.wav,3,male,disgust,7
172,RAVDESS/Actor_03/03-01-08-01-01-01-03.wav,3,male,surprised,8
173,RAVDESS/Actor_03/03-01-08-01-01-02-03.wav,3,male,surprised,8
174,RAVDESS/Actor_03/03-01-08-01-02-01-03.wav,3,male,surprised,8
175,RAVDESS/Actor_03/03-01-08-01-02-02-03.wav,3,male,surprised,8
176,RAVDESS/Actor_03/03-01-08-02-01-01-03.wav,3,male,surprised,8
177,RAVDESS/Actor_03/03-01-08-02-01-02-03.wav,3,male,surprised,8
178,RAVDESS/Actor_03/03-01-08-02-02-01-03.wav,3,male,surprised,8
179,RAVDESS/Actor_03/03-01-08-02-02-02-03.wav,3,male,surprised,8
180,RAVDESS/Actor_04/03-01-01-01-01-01-04.wav,4,female,neutral,1
181,RAVDESS/Actor_04/03-01-01-01-01-02-04.wav,4,female,neutral,1
182,RAVDESS/Actor_04/03-01-01-01-02-01-04.wav,4,female,neutral,1
183,RAVDESS/Actor_04/03-01-01-01-02-02-04.wav,4,female,neutral,1
184,RAVDESS/Actor_04/03-01-02-01-01-01-04.wav,4,female,calm,2
185,RAVDESS/Actor_04/03-01-02-01-01-02-04.wav,4,female,calm,2
186,RAVDESS/Actor_04/03-01-02-01-02-01-04.wav,4,female,calm,2
187,RAVDESS/Actor_04/03-01-02-01-02-02-04.wav,4,female,calm,2
188,RAVDESS/Actor_04/03-01-02-02-01-01-04.wav,4,female,calm,2
189,RAVDESS/Actor_04/03-01-02-02-01-02-04.wav,4,female,calm,2
190,RAVDESS/Actor_04/03-01-02-02-02-01-04.wav,4,female,calm,2
191,RAVDESS/Actor_04/03-01-02-02-02-02-04.wav,4,female,calm,2
192,RAVDESS/Actor_04/03-01-03-01-01-01-04.wav,4,female,happy,3
193,RAVDESS/Actor_04/03-01-03-01-01-02-04.wav,4,female,happy,3
194,RAVDESS/Actor_04/03-01-03-01-02-01-04.wav,4,female,happy,3
195,RAVDESS/Actor_04/03-01-03-01-02-02-04.wav,4,female,happy,3
196,RAVDESS/Actor_04/03-01-03-02-01-01-04.wav,4,female,happy,3
197,RAVDESS/Actor_04/03-01-03-02-01-02-04.wav,4,female,happy,3
198,RAVDESS/Actor_04/03-01-03-02-02-01-04.wav,4,female,happy,3
199,RAVDESS/Actor_04/03-01-03-02-02-02-04.wav,4,female,happy,3
200,RAVDESS/Actor_04/03-01-04-01-01-01-04.wav,4,female,sad,4
201,RAVDESS/Actor_04/03-01-04-01-01-02-04.wav,4,female,sad,4
202,RAVDESS/Actor_04/03-01-04-01-02-01-04.wav,4,female,sad,4
203,RAVDESS/Actor_04/03-01-04-01-02-02-04.wav,4,female,sad,4
204,RAVDESS/Actor_04/03-01-04-02-01-01-04.wav,4,female,sad,4
205,RAVDESS/Actor_04/03-01-04-02-01-02-04.wav,4,female,sad,4
206,RAVDESS/Actor_04/03-01-04-02-02-01-04.wav,4,female,sad,4
207,RAVDESS/Actor_04/03-01-04-02-02-02-04.wav,4,female,sad,4
208,RAVDESS/Actor_04/03-01-05-01-01-01-04.wav,4,female,angry,5
209,RAVDESS/Actor_04/03-01-05-01-01-02-04.wav,4,female,angry,5
210,RAVDESS/Actor_04/03-01-05-01-02-01-04.wav,4,female,angry,5
211,RAVDESS/Actor_04/03-01-05-01-02-02-04.wav,4,female,angry,5
212,RAVDESS/Actor_04/03-01-05-02-01-01-04.wav,4,female,angry,5
213,RAVDESS/Actor_04/03-01-05-02-01-02-04.wav,4,female,angry,5
214,RAVDESS/Actor_04/03-01-05-02-02-01-04.wav,4,female,angry,5
215,RAVDESS/Actor_04/03-01-05-02-02-02-04.wav,4,female,angry,5
216,RAVDESS/Actor_04/03-01-06-01-01-01-04.wav,4,female,fearful,6
217,RAVDESS/Actor_04/03-01-06-01-01-02-04.wav,4,female,fearful,6
218,RAVDESS/Actor_04/03-01-06-01-02-01-04.wav,4,female,fearful,6
219,RAVDESS/Actor_04/03-01-06-01-02-02-04.wav,4,female,fearful,6
220,RAVDESS/Actor_04/03-01-06-02-01-01-04.wav,4,female,fearful,6
221,RAVDESS/Actor_04/03-01-06-02-01-02-04.wav,4,female,fearful,6
222,RAVDESS/Actor_04/03-01-06-02-02-01-04.wav,4,female,fearful,6
223,RAVDESS/Actor_04/03-01-06-02-02-02-04.wav,4,female,fearful,6
224,RAVDESS/Actor_04/03-01-07-01-01-01-04.wav,4,female,disgust,7
225,RAVDESS/Actor_04/03-01-07-01-01-02-04.wav,4,female,disgust,7
226,RAVDESS/Actor_04/03-01-07-01-02-01-04.wav,4,female,disgust,7
227,RAVDESS/Actor_04/03-01-07-01-02-02-04.wav,4,female,disgust,7
228,RAVDESS/Actor_04/03-01-07-02-01-01-04.wav,4,female,disgust,7
229,RAVDESS/Actor_04/03-01-07-02-01-02-04.wav,4,female,disgust,7
230,RAVDESS/Actor_04/03-01-07-02-02-01-04.wav,4,female,disgust,7
231,RAVDESS/Actor_04/03-01-07-02-02-02-04.wav,4,female,disgust,7
232,RAVDESS/Actor_04/03-01-08-01-01-01-04.wav,4,female,surprised,8
233,RAVDESS/Actor_04/03-01-08-01-01-02-04.wav,4,female,surprised,8
234,RAVDESS/Actor_04/03-01-08-01-02-01-04.wav,4,female,surprised,8
235,RAVDESS/Actor_04/03-01-08-01-02-02-04.wav,4,female,surprised,8
236,RAVDESS/Actor_04/03-01-08-02-01-01-04.wav,4,female,surprised,8
237,RAVDESS/Actor_04/03-01-08-02-01-02-04.wav,4,female,surprised,8
238,RAVDESS/Actor_04/03-01-08-02-02-01-04.wav,4,female,surprised,8
239,RAVDESS/Actor_04/03-01-08-02-02-02-04.wav,4,female,surprised,8
240,RAVDESS/Actor_05/03-01-01-01-01-01-05.wav,5,male,neutral,1
241,RAVDESS/Actor_05/03-01-01-01-01-02-05.wav,5,male,neutral,1
242,RAVDESS/Actor_05/03-01-01-01-02-01-05.wav,5,male,neutral,1
243,RAVDESS/Actor_05/03-01-01-01-02-02-05.wav,5,male,neutral,1
244,RAVDESS/Actor_05/03-01-02-01-01-01-05.wav,5,male,calm,2
245,RAVDESS/Actor_05/03-01-02-01-01-02-05.wav,5,male,calm,2
246,RAVDESS/Actor_05/03-01-02-01-02-01-05.wav,5,male,calm,2
247,RAVDESS/Actor_05/03-01-02-01-02-02-05.wav,5,male,calm,2
248,RAVDESS/Actor_05/03-01-02-02-01-01-05.wav,5,male,calm,2
249,RAVDESS/Actor_05/03-01-02-02-01-02-05.wav,5,male,calm,2
250,RAVDESS/Actor_05/03-01-02-02-02-01-05.wav,5,male,calm,2
251,RAVDESS/Actor_05/03-01-02-02-02-02-05.wav,5,male,calm,2
252,RAVDESS/Actor_05/03-01-03-01-01-01-05.wav,5,male,happy,3
253,RAVDESS/Actor_05/03-01-03-01-01-02-05.wav,5,male,happy,3
254,RAVDESS/Actor_05/03-01-03-01-02-01-05.wav,5,male,happy,3
255,RAVDESS/Actor_05/03-01-03-01-02-02-05.wav,5,male,happy,3
256,RAVDESS/Actor_05/03-01-03-02-01-01-05.wav,5,male,happy,3
257,RAVDESS/Actor_05/03-01-03-02-01-02-05.wav,5,male,happy,3
258,RAVDESS/Actor_05/03-01-03-02-02-01-05.wav,5,male,happy,3
259,RAVDESS/Actor_05/03-01-03-02-02-02-05.wav,5,male,happy,3
260,RAVDESS/Actor_05/03-01-04-01-01-01-05.wav,5,male,sad,4
261,RAVDESS/Actor_05/03-01-04-01-01-02-05.wav,5,male,sad,4
262,RAVDESS/Actor_05/03-01-04-01-02-01-05.wav,5,male,sad,4
263,RAVDESS/Actor_05/03-01-04-01-02-02-05.wav,5,male,sad,4
264,RAVDESS/Actor_05/03-01-04-02-01-01-05.wav,5,male,sad,4
265,RAVDESS/Actor_05/03-01-04-02-01-02-05.wav,5,male,sad,4
266,RAVDESS/Actor_05/03-01-04-02-02-01-05.wav,5,male,sad,4
267,RAVDESS/Actor_05/03-01-04-02-02-02-05.wav,5,male,sad,4
268,RAVDESS/Actor_05/03-01-05-01-01-01-05.wav,5,male,angry,5
269,RAVDESS/Actor_05/03-01-05-01-01-02-05.wav,5,male,angry,5
270,RAVDESS/Actor_05/03-01-05-01-02-01-05.wav,5,male,angry,5
271,RAVDESS/Actor_05/03-01-05-01-02-02-05.wav,5,male,angry,5
272,RAVDESS/Actor_05/03-01-05-02-01-01-05.wav,5,male,angry,5
273,RAVDESS/Actor_05/03-01-05-02-01-02-05.wav,5,male,angry,5
274,RAVDESS/Actor_05/03-01-05-02-02-01-05.wav,5,male,angry,5
275,RAVDESS/Actor_05/03-01-05-02-02-02-05.wav,5,male,angry,5
276,RAVDESS/Actor_05/03-01-06-01-01-01-05.wav,5,male,fearful,6
277,RAVDESS/Actor_05/03-01-06-01-01-02-05.wav,5,male,fearful,6
278,RAVDESS/Actor_05/03-01-06-01-02-01-05.wav,5,male,fearful,6
279,RAVDESS/Actor_05/03-01-06-01-02-02-05.wav,5,male,fearful,6
280,RAVDESS/Actor_05/03-01-06-02-01-01-05.wav,5,male,fearful,6
281,RAVDESS/Actor_05/03-01-06-02-01-02-05.wav,5,male,fearful,6
282,RAVDESS/Actor_05/03-01-06-02-02-01-05.wav,5,male,fearful,6
283,RAVDESS/Actor_05/03-01-06-02-02-02-05.wav,5,male,fearful,6
284,RAVDESS/Actor_05/03-01-07-01-01-01-05.wav,5,male,disgust,7
285,RAVDESS/Actor_05/03-01-07-01-01-02-05.wav,5,male,disgust,7
286,RAVDESS/Actor_05/03-01-07-01-02-01-05.wav,5,male,disgust,7
287,RAVDESS/Actor_05/03-01-07-01-02-02-05.wav,5,male,disgust,7
288,RAVDESS/Actor_05/03-01-07-02-01-01-05.wav,5,male,disgust,7
289,RAVDESS/Actor_05/03-01-07-02-01-02-05.wav,5,male,disgust,7
290,RAVDESS/Actor_05/03-01-07-02-02-01-05.wav,5,male,disgust,7
291,RAVDESS/Actor_05/03-01-07-02-02-02-05.wav,5,male,disgust,7
292,RAVDESS/Actor_05/03-01-08-01-01-01-05.wav,5,male,surprised,8
293,RAVDESS/Actor_05/03-01-08-01-01-02-05.wav,5,male,surprised,8
294,RAVDESS/Actor_05/03-01-08-01-02-01-05.wav,5,male,surprised,8
295,RAVDESS/Actor_05/03-01-08-01-02-02-05.wav,5,male,surprised,8
296,RAVDESS/Actor_05/03-01-08-02-01-01-05.wav,5,male,surprised,8
297,RAVDESS/Actor_05/03-01-08-02-01-02-05.wav,5,male,surprised,8
298,RAVDESS/Actor_05/03-01-08-02-02-01-05.wav,5,male,surprised,8
299,RAVDESS/Actor_05/03-01-08-02-02-02-05.wav,5,male,surprised,8
300,RAVDESS/Actor_06/03-01-01-01-01-01-06.wav,6,female,neutral,1
301,RAVDESS/Actor_06/03-01-01-01-01-02-06.wav,6,female,neutral,1
302,RAVDESS/Actor_06/03-01-01-01-02-01-06.wav,6,female,neutral,1
303,RAVDESS/Actor_06/03-01-01-01-02-02-06.wav,6,female,neutral,1
304,RAVDESS/Actor_06/03-01-02-01-01-01-06.wav,6,female,calm,2
305,RAVDESS/Actor_06/03-01-02-01-01-02-06.wav,6,female,calm,2
306,RAVDESS/Actor_06/03-01-02-01-02-01-06.wav,6,female,calm,2
307,RAVDESS/Actor_06/03-01-02-01-02-02-06.wav,6,female,calm,2
308,RAVDESS/Actor_06/03-01-02-02-01-01-06.wav,6,female,calm,2
309,RAVDESS/Actor_06/03-01-02-02-01-02-06.wav,6,female,calm,2
310,RAVDESS/Actor_06/03-01-02-02-02-01-06.wav,6,female,calm,2
311,RAVDESS/Actor_06/03-01-02-02-02-02-06.wav,6,female,calm,2
312,RAVDESS/Actor_06/03-01-03-01-01-01-06.wav,6,female,happy,3
313,RAVDESS/Actor_06/03-01-03-01-01-02-06.wav,6,female,happy,3
314,RAVDESS/Actor_06/03-01-03-01-02-01-06.wav,6,female,happy,3
315,RAVDESS/Actor_06/03-01-03-01-02-02-06.wav,6,female,happy,3
316,RAVDESS/Actor_06/03-01-03-02-01-01-06.wav,6,female,happy,3
317,RAVDESS/Actor_06/03-01-03-02-01-02-06.wav,6,female,happy,3
318,RAVDESS/Actor_06/03-01-03-02-02-01-06.wav,6,female,happy,3
319,RAVDESS/Actor_06/03-01-03-02-02-02-06.wav,6,female,happy,3
320,RAVDESS/Actor_06/03-01-04-01-01-01-06.wav,6,female,sad,4
321,RAVDESS/Actor_06/03-01-04-01-01-02-06.wav,6,female,sad,4
322,RAVDESS/Actor_06/03-01-04-01-02-01-06.wav,6,female,sad,4
323,RAVDESS/Actor_06/03-01-04-01-02-02-06.wav,6,female,sad,4
324,RAVDESS/Actor_06/03-01-04-02-01-01-06.wav,6,female,sad,4
325,RAVDESS/Actor_06/03-01-04-02-01-02-06.wav,6,female,sad,4
326,RAVDESS/Actor_06/03-01-04-02-02-01-06.wav,6,female,sad,4
327,RAVDESS/Actor_06/03-01-04-02-02-02-06.wav,6,female,sad,4
328,RAVDESS/Actor_06/03-01-05-01-01-01-06.wav,6,female,angry,5
329,RAVDESS/Actor_06/03-01-05-01-01-02-06.wav,6,female,angry,5
330,RAVDESS/Actor_06/03-01-05-01-02-01-06.wav,6,female,angry,5
331,RAVDESS/Actor_06/03-01-05-01-02-02-06.wav,6,female,angry,5
332,RAVDESS/Actor_06/03-01-05-02-01-01-06.wav,6,female,angry,5
333,RAVDESS/Actor_06/03-01-05-02-01-02-06.wav,6,female,angry,5
334,RAVDESS/Actor_06/03-01-05-02-02-01-06.wav,6,female,angry,5
335,RAVDESS/Actor_06/03-01-05-02-02-02-06.wav,6,female,angry,5
336,RAVDESS/Actor_06/03-01-06-01-01-01-06.wav,6,female,fearful,6
337,RAVDESS/Actor_06/03-01-06-01-01-02-06.wav,6,female,fearful,6
338,RAVDESS/Actor_06/03-01-06-01-02-01-06.wav,6,female,fearful,6
339,RAVDESS/Actor_06/03-01-06-01-02-02-06.wav,6,female,fearful,6
340,RAVDESS/Actor_06/03-01-06-02-01-01-06.wav,6,female,fearful,6
341,RAVDESS/Actor_06/03-01-06-02-01-02-06.wav,6,female,fearful,6
342,RAVDESS/Actor_06/03-01-06-02-02-01-06.wav,6,female,fearful,6
343,RAVDESS/Actor_06/03-01-06-02-02-02-06.wav,6,female,fearful,6
344,RAVDESS/Actor_06/03-01-07-01-01-01-06.wav,6,female,disgust,7
345,RAVDESS/Actor_06/03-01-07-01-01-02-06.wav,6,female,disgust,7
346,RAVDESS/Actor_06/03-01-07-01-02-01-06.wav,6,female,disgust,7
347,RAVDESS/Actor_06/03-01-07-01-02-02-06.wav,6,female,disgust,7
348,RAVDESS/Actor_06/03-01-07-02-01-01-06.wav,6,female,disgust,7
349,RAVDESS/Actor_06/03-01-07-02-01-02-06.wav,6,female,disgust,7
350,RAVDESS/Actor_06/03-01-07-02-02-01-06.wav,6,female,disgust,7
351,RAVDESS/Actor_06/03-01-07-02-02-02-06.wav,6,female,disgust,7
352,RAVDESS/Actor_06/03-01-08-01-01-01-06.wav,6,female,surprised,8
353,RAVDESS/Actor_06/03-01-08-01-01-02-06.wav,6,female,surprised,8
354,RAVDESS/Actor_06/03-01-08-01-02-01-06.wav,6,female,surprised,8
355,RAVDESS/Actor_06/03-01-08-01-02-02-06.wav,6,female,surprised,8
356,RAVDESS/Actor_06/03-01-08-02-01-01-06.wav,6,female,surprised,8
357,RAVDESS/Actor_06/03-01-08-02-01-02-06.wav,6,female,surprised,8
358,RAVDESS/Actor_06/03-01-08-02-02-01-06.wav,6,female,surprised,8
359,RAVDESS/Actor_06/03-01-08-02-02-02-06.wav,6,female,surprised,8
360,RAVDESS/Actor_07/03-01-01-01-01-01-07.wav,7,male,neutral,1
361,RAVDESS/Actor_07/03-01-01-01-01-02-07.wav,7,male,neutral,1
362,RAVDESS/Actor_07/03-01-01-01-02-01-07.wav,7,male,neutral,1
363,RAVDESS/Actor_07/03-01-01-01-02-02-07.wav,7,male,neutral,1
364,RAVDESS/Actor_07/03-01-02-01-01-01-07.wav,7,male,calm,2
365,RAVDESS/Actor_07/03-01-02-01-01-02-07.wav,7,male,calm,2
366,RAVDESS/Actor_07/03-01-02-01-02-01-07.wav,7,male,calm,2
367,RAVDESS/Actor_07/03-01-02-01-02-02-07.wav,7,male,calm,2
368,RAVDESS/Actor_07/03-01-02-02-01-01-07.wav,7,male,calm,2
369,RAVDESS/Actor_07/03-01-02-02-01-02-07.wav,7,male,calm,2
370,RAVDESS/Actor_07/03-01-02-02-02-01-07.wav,7,male,calm,2
371,RAVDESS/Actor_07/03-01-02-02-02-02-07.wav,7,male,calm,2
372,RAVDESS/Actor_07/03-01-03-01-01-01-07.wav,7,male,happy,3
373,RAVDESS/Actor_07/03-01-03-01-01-02-07.wav,7,male,happy,3
374,RAVDESS/Actor_07/03-01-03-01-02-01-07.wav,7,male,happy,3
375,RAVDESS/Actor_07/03-01-03-01-02-02-07.wav,7,male,happy,3
376,RAVDESS/Actor_07/03-01-03-02-01-01-07.wav,7,male,happy,3
377,RAVDESS/Actor_07/03-01-03-02-01-02-07.wav,7,male,happy,3
378,RAVDESS/Actor_07/03-01-03-02-02-01-07.wav,7,male,happy,3
379,RAVDESS/Actor_07/03-01-03-02-02-02-07.wav,7,male,happy,3
380,RAVDESS/Actor_07/03-01-04-01-01-01-07.wav,7,male,sad,4
381,RAVDESS/Actor_07/03-01-04-01-01-02-07.wav,7,male,sad,4
382,RAVDESS/Actor_07/03-01-04-01-02-01-07.wav,7,male,sad,4
383,RAVDESS/Actor_07/03-01-04-01-02-02-07.wav,7,male,sad,4
384,RAVDESS/Actor_07/03-01-04-02-01-01-07.wav,7,male,sad,4
385,RAVDESS/Actor_07/03-01-04-02-01-02-07.wav,7,male,sad,4
386,RAVDESS/Actor_07/03-01-04-02-02-01-07.wav,7,male,sad,4
387,RAVDESS/Actor_07/03-01-04-02-02-02-07.wav,7,male,sad,4
388,RAVDESS/Actor_07/03-01-05-01-01-01-07.wav,7,male,angry,5
389,RAVDESS/Actor_07/03-01-05-01-01-02-07.wav,7,male,angry,5
390,RAVDESS/Actor_07/03-01-05-01-02-01-07.wav,7,male,angry,5
391,RAVDESS/Actor_07/03-01-05-01-02-02-07.wav,7,male,angry,5
392,RAVDESS/Actor_07/03-01-05-02-01-01-07.wav,7,male,angry,5
393,RAVDESS/Actor_07/03-01-05-02-01-02-07.wav,7,male,angry,5
394,RAVDESS/Actor_07/03-01-05-02-02-01-07.wav,7,male,angry,5
395,RAVDESS/Actor_07/03-01-05-02-02-02-07.wav,7,male,angry,5
396,RAVDESS/Actor_07/03-01-06-01-01-01-07.wav,7,male,fearful,6
397,RAVDESS/Actor_07/03-01-06-01-01-02-07.wav,7,male,fearful,6
398,RAVDESS/Actor_07/03-01-06-01-02-01-07.wav,7,male,fearful,6
399,RAVDESS/Actor_07/03-01-06-01-02-02-07.wav,7,male,fearful,6
400,RAVDESS/Actor_07/03-01-06-02-01-01-07.wav,7,male,fearful,6
401,RAVDESS/Actor_07/03-01-06-02-01-02-07.wav,7,male,fearful,6
402,RAVDESS/Actor_07/03-01-06-02-02-01-07.wav,7,male,fearful,6
403,RAVDESS/Actor_07/03-01-06-02-02-02-07.wav,7,male,fearful,6
404,RAVDESS/Actor_07/03-01-07-01-01-01-07.wav,7,male,disgust,7
405,RAVDESS/Actor_07/03-01-07-01-01-02-07.wav,7,male,disgust,7
406,RAVDESS/Actor_07/03-01-07-01-02-01-07.wav,7,male,disgust,7
407,RAVDESS/Actor_07/03-01-07-01-02-02-07.wav,7,male,disgust,7
408,RAVDESS/Actor_07/03-01-07-02-01-01-07.wav,7,male,disgust,7
409,RAVDESS/Actor_07/03-01-07-02-01-02-07.wav,7,male,disgust,7
410,RAVDESS/Actor_07/03-01-07-02-02-01-07.wav,7,male,disgust,7
411,RAVDESS/Actor_07/03-01-07-02-02-02-07.wav,7,male,disgust,7
412,RAVDESS/Actor_07/03-01-08-01-01-01-07.wav,7,male,surprised,8
413,RAVDESS/Actor_07/03-01-08-01-01-02-07.wav,7,male,surprised,8
414,RAVDESS/Actor_07/03-01-08-01-02-01-07.wav,7,male,surprised,8
415,RAVDESS/Actor_07/03-01-08-01-02-02-07.wav,7,male,surprised,8
416,RAVDESS/Actor_07/03-01-08-02-01-01-07.wav,7,male,surprised,8
417,RAVDESS/Actor_07/03-01-08-02-01-02-07.wav,7,male,surprised,8
418,RAVDESS/Actor_07/03-01-08-02-02-01-07.wav,7,male,surprised,8
419,RAVDESS/Actor_07/03-01-08-02-02-02-07.wav,7,male,surprised,8
420,RAVDESS/Actor_08/03-01-01-01-01-01-08.wav,8,female,neutral,1
421,RAVDESS/Actor_08/03-01-01-01-01-02-08.wav,8,female,neutral,1
422,RAVDESS/Actor_08/03-01-01-01-02-01-08.wav,8,female,neutral,1
423,RAVDESS/Actor_08/03-01-01-01-02-02-08.wav,8,female,neutral,1
424,RAVDESS/Actor_08/03-01-02-01-01-01-08.wav,8,female,calm,2
425,RAVDESS/Actor_08/03-01-02-01-01-02-08.wav,8,female,calm,2
426,RAVDESS/Actor_08/03-01-02-01-02-01-08.wav,8,female,calm,2
427,RAVDESS/Actor_08/03-01-02-01-02-02-08.wav,8,female,calm,2
428,RAVDESS/Actor_08/03-01-02-02-01-01-08.wav,8,female,calm,2
429,RAVDESS/Actor_08/03-01-02-02-01-02-08.wav,8,female,calm,2
430,RAVDESS/Actor_08/03-01-02-02-02-01-08.wav,8,female,calm,2
431,RAVDESS/Actor_08/03-01-02-02-02-02-08.wav,8,female,calm,2
432,RAVDESS/Actor_08/03-01-03-01-01-01-08.wav,8,female,happy,3
433,RAVDESS/Actor_08/03-01-03-01-01-02-08.wav,8,female,happy,3
434,RAVDESS/Actor_08/03-01-03-01-02-01-08.wav,8,female,happy,3
435,RAVDESS/Actor_08/03-01-03-01-02-02-08.wav,8,female,happy,3
436,RAVDESS/Actor_08/03-01-03-02-01-01-08.wav,8,female,happy,3
437,RAVDESS/Actor_08/03-01-03-02-01-02-08.wav,8,female,happy,3
438,RAVDESS/Actor_08/03-01-03-02-02-01-08.wav,8,female,happy,3
439,RAVDESS/Actor_08/03-01-03-02-02-02-08.wav,8,female,happy,3
440,RAVDESS/Actor_08/03-01-04-01-01-01-08.wav,8,female,sad,4
441,RAVDESS/Actor_08/03-01-04-01-01-02-08.wav,8,female,sad,4
442,RAVDESS/Actor_08/03-01-04-01-02-01-08.wav,8,female,sad,4
443,RAVDESS/Actor_08/03-01-04-01-02-02-08.wav,8,female,sad,4
444,RAVDESS/Actor_08/03-01-04-02-01-01-08.wav,8,female,sad,4
445,RAVDESS/Actor_08/03-01-04-02-01-02-08.wav,8,female,sad,4
446,RAVDESS/Actor_08/03-01-04-02-02-01-08.wav,8,female,sad,4
447,RAVDESS/Actor_08/03-01-04-02-02-02-08.wav,8,female,sad,4
448,RAVDESS/Actor_08/03-01-05-01-01-01-08.wav,8,female,angry,5
449,RAVDESS/Actor_08/03-01-05-01-01-02-08.wav,8,female,angry,5
450,RAVDESS/Actor_08/03-01-05-01-02-01-08.wav,8,female,angry,5
451,RAVDESS/Actor_08/03-01-05-01-02-02-08.wav,8,female,angry,5
452,RAVDESS/Actor_08/03-01-05-02-01-01-08.wav,8,female,angry,5
453,RAVDESS/Actor_08/03-01-05-02-01-02-08.wav,8,female,angry,5
454,RAVDESS/Actor_08/03-01-05-02-02-01-08.wav,8,female,angry,5
455,RAVDESS/Actor_08/03-01-05-02-02-02-08.wav,8,female,angry,5
456,RAVDESS/Actor_08/03-01-06-01-01-01-08.wav,8,female,fearful,6
457,RAVDESS/Actor_08/03-01-06-01-01-02-08.wav,8,female,fearful,6
458,RAVDESS/Actor_08/03-01-06-01-02-01-08.wav,8,female,fearful,6
459,RAVDESS/Actor_08/03-01-06-01-02-02-08.wav,8,female,fearful,6
460,RAVDESS/Actor_08/03-01-06-02-01-01-08.wav,8,female,fearful,6
461,RAVDESS/Actor_08/03-01-06-02-01-02-08.wav,8,female,fearful,6
462,RAVDESS/Actor_08/03-01-06-02-02-01-08.wav,8,female,fearful,6
463,RAVDESS/Actor_08/03-01-06-02-02-02-08.wav,8,female,fearful,6
464,RAVDESS/Actor_08/03-01-07-01-01-01-08.wav,8,female,disgust,7
465,RAVDESS/Actor_08/03-01-07-01-01-02-08.wav,8,female,disgust,7
466,RAVDESS/Actor_08/03-01-07-01-02-01-08.wav,8,female,disgust,7
467,RAVDESS/Actor_08/03-01-07-01-02-02-08.wav,8,female,disgust,7
468,RAVDESS/Actor_08/03-01-07-02-01-01-08.wav,8,female,disgust,7
469,RAVDESS/Actor_08/03-01-07-02-01-02-08.wav,8,female,disgust,7
470,RAVDESS/Actor_08/03-01-07-02-02-01-08.wav,8,female,disgust,7
471,RAVDESS/Actor_08/03-01-07-02-02-02-08.wav,8,female,disgust,7
472,RAVDESS/Actor_08/03-01-08-01-01-01-08.wav,8,female,surprised,8
473,RAVDESS/Actor_08/03-01-08-01-01-02-08.wav,8,female,surprised,8
474,RAVDESS/Actor_08/03-01-08-01-02-01-08.wav,8,female,surprised,8
475,RAVDESS/Actor_08/03-01-08-01-02-02-08.wav,8,female,surprised,8
476,RAVDESS/Actor_08/03-01-08-02-01-01-08.wav,8,female,surprised,8
477,RAVDESS/Actor_08/03-01-08-02-01-02-08.wav,8,female,surprised,8
478,RAVDESS/Actor_08/03-01-08-02-02-01-08.wav,8,female,surprised,8
479,RAVDESS/Actor_08/03-01-08-02-02-02-08.wav,8,female,surprised,8
480,RAVDESS/Actor_09/03-01-01-01-01-01-09.wav,9,male,neutral,1
481,RAVDESS/Actor_09/03-01-01-01-01-02-09.wav,9,male,neutral,1
482,RAVDESS/Actor_09/03-01-01-01-02-01-09.wav,9,male,neutral,1
483,RAVDESS/Actor_09/03-01-01-01-02-02-09.wav,9,male,neutral,1
484,RAVDESS/Actor_09/03-01-02-01-01-01-09.wav,9,male,calm,2
485,RAVDESS/Actor_09/03-01-02-01-01-02-09.wav,9,male,calm,2
486,RAVDESS/Actor_09/03-01-02-01-02-01-09.wav,9,male,calm,2
487,RAVDESS/Actor_09/03-01-02-01-02-02-09.wav,9,male,calm,2
488,RAVDESS/Actor_09/03-01-02-02-01-01-09.wav,9,male,calm,2
489,RAVDESS/Actor_09/03-01-02-02-01-02-09.wav,9,male,calm,2
490,RAVDESS/Actor_09/03-01-02-02-02-01-09.wav,9,male,calm,2
491,RAVDESS/Actor_09/03-01-02-02-02-02-09.wav,9,male,calm,2
492,RAVDESS/Actor_09/03-01-03-01-01-01-09.wav,9,male,happy,3
493,RAVDESS/Actor_09/03-01-03-01-01-02-09.wav,9,male,happy,3
494,RAVDESS/Actor_09/03-01-03-01-02-01-09.wav,9,male,happy,3
495,RAVDESS/Actor_09/03-01-03-01-02-02-09.wav,9,male,happy,3
496,RAVDESS/Actor_09/03-01-03-02-01-01-09.wav,9,male,happy,3
497,RAVDESS/Actor_09/03-01-03-02-01-02-09.wav,9,male,happy,3
498,RAVDESS/Actor_09/03-01-03-02-02-01-09.wav,9,male,happy,3
499,RAVDESS/Actor_09/03-01-03-02-02-02-09.wav,9,male,happy,3
500,RAVDESS/Actor_09/03-01-04-01-01-01-09.wav,9,male,sad,4
501,RAVDESS/Actor_09/03-01-04-01-01-02-09.wav,9,male,sad,4
502,RAVDESS/Actor_09/03-01-04-01-02-01-09.wav,9,male,sad,4
503,RAVDESS/Actor_09/03-01-04-01-02-02-09.wav,9,male,sad,4
504,RAVDESS/Actor_09/03-01-04-02-01-01-09.wav,9,male,sad,4
505,RAVDESS/Actor_09/03-01-04-02-01-02-09.wav,9,male,sad,4
506,RAVDESS/Actor_09/03-01-04-02-02-01-09.wav,9,male,sad,4
507,RAVDESS/Actor_09/03-01-04-02-02-02-09.wav,9,male,sad,4
508,RAVDESS/Actor_09/03-01-05-01-01-01-09.wav,9,male,angry,5
509,RAVDESS/Actor_09/03-01-05-01-01-02-09.wav,9,male,angry,5
510,RAVDESS/Actor_09/03-01-05-01-02-01-09.wav,9,male,angry,5
511,RAVDESS/Actor_09/03-01-05-01-02-02-09.wav,9,male,angry,5
512,RAVDESS/Actor_09/03-01-05-02-01-01-09.wav,9,male,angry,5
513,RAVDESS/Actor_09/03-01-05-02-01-02-09.wav,9,male,angry,5
514,RAVDESS/Actor_09/03-01-05-02-02-01-09.wav,9,male,angry,5
515,RAVDESS/Actor_09/03-01-05-02-02-02-09.wav,9,male,angry,5
516,RAVDESS/Actor_09/03-01-06-01-01-01-09.wav,9,male,fearful,6
517,RAVDESS/Actor_09/03-01-06-01-01-02-09.wav,9,male,fearful,6
518,RAVDESS/Actor_09/03-01-06-01-02-01-09.wav,9,male,fearful,6
519,RAVDESS/Actor_09/03-01-06-01-02-02-09.wav,9,male,fearful,6
520,RAVDESS/Actor_09/03-01-06-02-01-01-09.wav,9,male,fearful,6
521,RAVDESS/Actor_09/03-01-06-02-01-02-09.wav,9,male,fearful,6
522,RAVDESS/Actor_09/03-01-06-02-02-01-09.wav,9,male,fearful,6
523,RAVDESS/Actor_09/03-01-06-02-02-02-09.wav,9,male,fearful,6
524,RAVDESS/Actor_09/03-01-07-01-01-01-09.wav,9,male,disgust,7
525,RAVDESS/Actor_09/03-01-07-01-01-02-09.wav,9,male,disgust,7
526,RAVDESS/Actor_09/03-01-07-01-02-01-09.wav,9,male,disgust,7
527,RAVDESS/Actor_09/03-01-07-01-02-02-09.wav,9,male,disgust,7
528,RAVDESS/Actor_09/03-01-07-02-01-01-09.wav,9,male,disgust,7
529,RAVDESS/Actor_09/03-01-07-02-01-02-09.wav,9,male,disgust,7
530,RAVDESS/Actor_09/03-01-07-02-02-01-09.wav,9,male,disgust,7
531,RAVDESS/Actor_09/03-01-07-02-02-02-09.wav,9,male,disgust,7
532,RAVDESS/Actor_09/03-01-08-01-01-01-09.wav,9,male,surprised,8
533,RAVDESS/Actor_09/03-01-08-01-01-02-09.wav,9,male,surprised,8
534,RAVDESS/Actor_09/03-01-08-01-02-01-09.wav,9,male,surprised,8
535,RAVDESS/Actor_09/03-01-08-01-02-02-09.wav,9,male,surprised,8
536,RAVDESS/Actor_09/03-01-08-02-01-01-09.wav,9,male,surprised,8
537,RAVDESS/Actor_09/03-01-08-02-01-02-09.wav,9,male,surprised,8
538,RAVDESS/Actor_09/03-01-08-02-02-01-09.wav,9,male,surprised,8
539,RAVDESS/Actor_09/03-01-08-02-02-02-09.wav,9,male,surprised,8
540,RAVDESS/Actor_10/03-01-01-01-01-01-10.wav,10,female,neutral,1
541,RAVDESS/Actor_10/03-01-01-01-01-02-10.wav,10,female,neutral,1
542,RAVDESS/Actor_10/03-01-01-01-02-01-10.wav,10,female,neutral,1
543,RAVDESS/Actor_10/03-01-01-01-02-02-10.wav,10,female,neutral,1
544,RAVDESS/Actor_10/03-01-02-01-01-01-10.wav,10,female,calm,2
545,RAVDESS/Actor_10/03-01-02-01-01-02-10.wav,10,female,calm,2
546,RAVDESS/Actor_10/03-01-02-01-02-01-10.wav,10,female,calm,2
547,RAVDESS/Actor_10/03-01-02-01-02-02-10.wav,10,female,calm,2
548,RAVDESS/Actor_10/03-01-02-02-01-01-10.wav,10,female,calm,2
549,RAVDESS/Actor_10/03-01-02-02-01-02-10.wav,10,female,calm,2
550,RAVDESS/Actor_10/03-01-02-02-02-01-10.wav,10,female,calm,2
551,RAVDESS/Actor_10/03-01-02-02-02-02-10.wav,10,female,calm,2
552,RAVDESS/Actor_10/03-01-03-01-01-01-10.wav,10,female,happy,3
553,RAVDESS/Actor_10/03-01-03-01-01-02-10.wav,10,female,happy,3
554,RAVDESS/Actor_10/03-01-03-01-02-01-10.wav,10,female,happy,3
555,RAVDESS/Actor_10/03-01-03-01-02-02-10.wav,10,female,happy,3
556,RAVDESS/Actor_10/03-01-03-02-01-01-10.wav,10,female,happy,3
557,RAVDESS/Actor_10/03-01-03-02-01-02-10.wav,10,female,happy,3
558,RAVDESS/Actor_10/03-01-03-02-02-01-10.wav,10,female,happy,3
559,RAVDESS/Actor_10/03-01-03-02-02-02-10.wav,10,female,happy,3
560,RAVDESS/Actor_10/03-01-04-01-01-01-10.wav,10,female,sad,4
561,RAVDESS/Actor_10/03-01-04-01-01-02-10.wav,10,female,sad,4
562,RAVDESS/Actor_10/03-01-04-01-02-01-10.wav,10,female,sad,4
563,RAVDESS/Actor_10/03-01-04-01-02-02-10.wav,10,female,sad,4
564,RAVDESS/Actor_10/03-01-04-02-01-01-10.wav,10,female,sad,4
565,RAVDESS/Actor_10/03-01-04-02-01-02-10.wav,10,female,sad,4
566,RAVDESS/Actor_10/03-01-04-02-02-01-10.wav,10,female,sad,4
567,RAVDESS/Actor_10/03-01-04-02-02-02-10.wav,10,female,sad,4
568,RAVDESS/Actor_10/03-01-05-01-01-01-10.wav,10,female,angry,5
569,RAVDESS/Actor_10/03-01-05-01-01-02-10.wav,10,female,angry,5
570,RAVDESS/Actor_10/03-01-05-01-02-01-10.wav,10,female,angry,5
571,RAVDESS/Actor_10/03-01-05-01-02-02-10.wav,10,female,angry,5
572,RAVDESS/Actor_10/03-01-05-02-01-01-10.wav,10,female,angry,5
573,RAVDESS/Actor_10/03-01-05-02-01-02-10.wav,10,female,angry,5
574,RAVDESS/Actor_10/03-01-05-02-02-01-10.wav,10,female,angry,5
575,RAVDESS/Actor_10/03-01-05-02-02-02-10.wav,10,female,angry,5
576,RAVDESS/Actor_10/03-01-06-01-01-01-10.wav,10,female,fearful,6
577,RAVDESS/Actor_10/03-01-06-01-01-02-10.wav,10,female,fearful,6
578,RAVDESS/Actor_10/03-01-06-01-02-01-10.wav,10,female,fearful,6
579,RAVDESS/Actor_10/03-01-06-01-02-02-10.wav,10,female,fearful,6
580,RAVDESS/Actor_10/03-01-06-02-01-01-10.wav,10,female,fearful,6
581,RAVDESS/Actor_10/03-01-06-02-01-02-10.wav,10,female,fearful,6
582,RAVDESS/Actor_10/03-01-06-02-02-01-10.wav,10,female,fearful,6
583,RAVDESS/Actor_10/03-01-06-02-02-02-10.wav,10,female,fearful,6
584,RAVDESS/Actor_10/03-01-07-01-01-01-10.wav,10,female,disgust,7
585,RAVDESS/Actor_10/03-01-07-01-01-02-10.wav,10,female,disgust,7
586,RAVDESS/Actor_10/03-01-07-01-02-01-10.wav,10,female,disgust,7
587,RAVDESS/Actor_10/03-01-07-01-02-02-10.wav,10,female,disgust,7
588,RAVDESS/Actor_10/03-01-07-02-01-01-10.wav,10,female,disgust,7
589,RAVDESS/Actor_10/03-01-07-02-01-02-10.wav,10,female,disgust,7
590,RAVDESS/Actor_10/03-01-07-02-02-01-10.wav,10,female,disgust,7
591,RAVDESS/Actor_10/03-01-07-02-02-02-10.wav,10,female,disgust,7
592,RAVDESS/Actor_10/03-01-08-01-01-01-10.wav,10,female,surprised,8
593,RAVDESS/Actor_10/03-01-08-01-01-02-10.wav,10,female,surprised,8
594,RAVDESS/Actor_10/03-01-08-01-02-01-10.wav,10,female,surprised,8
595,RAVDESS/Actor_10/03-01-08-01-02-02-10.wav,10,female,surprised,8
596,RAVDESS/Actor_10/03-01-08-02-01-01-10.wav,10,female,surprised,8
597,RAVDESS/Actor_10/03-01-08-02-01-02-10.wav,10,female,surprised,8
598,RAVDESS/Actor_10/03-01-08-02-02-01-10.wav,10,female,surprised,8
599,RAVDESS/Actor_10/03-01-08-02-02-02-10.wav,10,female,surprised,8
600,RAVDESS/Actor_11/03-01-01-01-01-01-11.wav,11,male,neutral,1
601,RAVDESS/Actor_11/03-01-01-01-01-02-11.wav,11,male,neutral,1
602,RAVDESS/Actor_11/03-01-01-01-02-01-11.wav,11,male,neutral,1
603,RAVDESS/Actor_11/03-01-01-01-02-02-11.wav,11,male,neutral,1
604,RAVDESS/Actor_11/03-01-02-01-01-01-11.wav,11,male,calm,2
605,RAVDESS/Actor_11/03-01-02-01-01-02-11.wav,11,male,calm,2
606,RAVDESS/Actor_11/03-01-02-01-02-01-11.wav,11,male,calm,2
607,RAVDESS/Actor_11/03-01-02-01-02-02-11.wav,11,male,calm,2
608,RAVDESS/Actor_11/03-01-02-02-01-01-11.wav,11,male,calm,2
609,RAVDESS/Actor_11/03-01-02-02-01-02-11.wav,11,male,calm,2
610,RAVDESS/Actor_11/03-01-02-02-02-01-11.wav,11,male,calm,2
611,RAVDESS/Actor_11/03-01-02-02-02-02-11.wav,11,male,calm,2
612,RAVDESS/Actor_11/03-01-03-01-01-01-11.wav,11,male,happy,3
613,RAVDESS/Actor_11/03-01-03-01-01-02-11.wav,11,male,happy,3
614,RAVDESS/Actor_11/03-01-03-01-02-01-11.wav,11,male,happy,3
615,RAVDESS/Actor_11/03-01-03-01-02-02-11.wav,11,male,happy,3
616,RAVDESS/Actor_11/03-01-03-02-01-01-11.wav,11,male,happy,3
617,RAVDESS/Actor_11/03-01-03-02-01-02-11.wav,11,male,happy,3
618,RAVDESS/Actor_11/03-01-03-02-02-01-11.wav,11,male,happy,3
619,RAVDESS/Actor_11/03-01-03-02-02-02-11.wav,11,male,happy,3
620,RAVDESS/Actor_11/03-01-04-01-01-01-11.wav,11,male,sad,4
621,RAVDESS/Actor_11/03-01-04-01-01-02-11.wav,11,male,sad,4
622,RAVDESS/Actor_11/03-01-04-01-02-01-11.wav,11,male,sad,4
623,RAVDESS/Actor_11/03-01-04-01-02-02-11.wav,11,male,sad,4
624,RAVDESS/Actor_11/03-01-04-02-01-01-11.wav,11,male,sad,4
625,RAVDESS/Actor_11/03-01-04-02-01-02-11.wav,11,male,sad,4
626,RAVDESS/Actor_11/03-01-04-02-02-01-11.wav,11,male,sad,4
627,RAVDESS/Actor_11/03-01-04-02-02-02-11.wav,11,male,sad,4
628,RAVDESS/Actor_11/03-01-05-01-01-01-11.wav,11,male,angry,5
629,RAVDESS/Actor_11/03-01-05-01-01-02-11.wav,11,male,angry,5
630,RAVDESS/Actor_11/03-01-05-01-02-01-11.wav,11,male,angry,5
631,RAVDESS/Actor_11/03-01-05-01-02-02-11.wav,11,male,angry,5
632,RAVDESS/Actor_11/03-01-05-02-01-01-11.wav,11,male,angry,5
633,RAVDESS/Actor_11/03-01-05-02-01-02-11.wav,11,male,angry,5
634,RAVDESS/Actor_11/03-01-05-02-02-01-11.wav,11,male,angry,5
635,RAVDESS/Actor_11/03-01-05-02-02-02-11.wav,11,male,angry,5
636,RAVDESS/Actor_11/03-01-06-01-01-01-11.wav,11,male,fearful,6
637,RAVDESS/Actor_11/03-01-06-01-01-02-11.wav,11,male,fearful,6
638,RAVDESS/Actor_11/03-01-06-01-02-01-11.wav,11,male,fearful,6
639,RAVDESS/Actor_11/03-01-06-01-02-02-11.wav,11,male,fearful,6
640,RAVDESS/Actor_11/03-01-06-02-01-01-11.wav,11,male,fearful,6
641,RAVDESS/Actor_11/03-01-06-02-01-02-11.wav,11,male,fearful,6
642,RAVDESS/Actor_11/03-01-06-02-02-01-11.wav,11,male,fearful,6
643,RAVDESS/Actor_11/03-01-06-02-02-02-11.wav,11,male,fearful,6
644,RAVDESS/Actor_11/03-01-07-01-01-01-11.wav,11,male,disgust,7
645,RAVDESS/Actor_11/03-01-07-01-01-02-11.wav,11,male,disgust,7
646,RAVDESS/Actor_11/03-01-07-01-02-01-11.wav,11,male,disgust,7
647,RAVDESS/Actor_11/03-01-07-01-02-02-11.wav,11,male,disgust,7
648,RAVDESS/Actor_11/03-01-07-02-01-01-11.wav,11,male,disgust,7
649,RAVDESS/Actor_11/03-01-07-02-01-02-11.wav,11,male,disgust,7
650,RAVDESS/Actor_11/03-01-07-02-02-01-11.wav,11,male,disgust,7
651,RAVDESS/Actor_11/03-01-07-02-02-02-11.wav,11,male,disgust,7
652,RAVDESS/Actor_11/03-01-08-01-01-01-11.wav,11,male,surprised,8
653,RAVDESS/Actor_11/03-01-08-01-01-02-11.wav,11,male,surprised,8
654,RAVDESS/Actor_11/03-01-08-01-02-01-11.wav,11,male,surprised,8
655,RAVDESS/Actor_11/03-01-08-01-02-02-11.wav,11,male,surprised,8
656,RAVDESS/Actor_11/03-01-08-02-01-01-11.wav,11,male,surprised,8
657,RAVDESS/Actor_11/03-01-08-02-01-02-11.wav,11,male,surprised,8
658,RAVDESS/Actor_11/03-01-08-02-02-01-11.wav,11,male,surprised,8
659,RAVDESS/Actor_11/03-01-08-02-02-02-11.wav,11,male,surprised,8
660,RAVDESS/Actor_12/03-01-01-01-01-01-12.wav,12,female,neutral,1
661,RAVDESS/Actor_12/03-01-01-01-01-02-12.wav,12,female,neutral,1
662,RAVDESS/Actor_12/03-01-01-01-02-01-12.wav,12,female,neutral,1
663,RAVDESS/Actor_12/03-01-01-01-02-02-12.wav,12,female,neutral,1
664,RAVDESS/Actor_12/03-01-02-01-01-01-12.wav,12,female,calm,2
665,RAVDESS/Actor_12/03-01-02-01-01-02-12.wav,12,female,calm,2
666,RAVDESS/Actor_12/03-01-02-01-02-01-12.wav,12,female,calm,2
667,RAVDESS/Actor_12/03-01-02-01-02-02-12.wav,12,female,calm,2
668,RAVDESS/Actor_12/03-01-02-02-01-01-12.wav,12,female,calm,2
669,RAVDESS/Actor_12/03-01-02-02-01-02-12.wav,12,female,calm,2
670,RAVDESS/Actor_12/03-01-02-02-02-01-12.wav,12,female,calm,2
671,RAVDESS/Actor_12/03-01-02-02-02-02-12.wav,12,female,calm,2
672,RAVDESS/Actor_12/03-01-03-01-01-01-12.wav,12,female,happy,3
673,RAVDESS/Actor_12/03-01-03-01-01-02-12.wav,12,female,happy,3
674,RAVDESS/Actor_12/03-01-03-01-02-01-12.wav,12,female,happy,3
675,RAVDESS/Actor_12/03-01-03-01-02-02-12.wav,12,female,happy,3
676,RAVDESS/Actor_12/03-01-03-02-01-01-12.wav,12,female,happy,3
677,RAVDESS/Actor_12/03-01-03-02-01-02-12.wav,12,female,happy,3
678,RAVDESS/Actor_12/03-01-03-02-02-01-12.wav,12,female,happy,3
679,RAVDESS/Actor_12/03-01-03-02-02-02-12.wav,12,female,happy,3
680,RAVDESS/Actor_12/03-01-04-01-01-01-12.wav,12,female,sad,4
681,RAVDESS/Actor_12/03-01-04-01-01-02-12.wav,12,female,sad,4
682,RAVDESS/Actor_12/03-01-04-01-02-01-12.wav,12,female,sad,4
683,RAVDESS/Actor_12/03-01-04-01-02-02-12.wav,12,female,sad,4
684,RAVDESS/Actor_12/03-01-04-02-01-01-12.wav,12,female,sad,4
685,RAVDESS/Actor_12/03-01-04-02-01-02-12.wav,12,female,sad,4
686,RAVDESS/Actor_12/03-01-04-02-02-01-12.wav,12,female,sad,4
687,RAVDESS/Actor_12/03-01-04-02-02-02-12.wav,12,female,sad,4
688,RAVDESS/Actor_12/03-01-05-01-01-01-12.wav,12,female,angry,5
689,RAVDESS/Actor_12/03-01-05-01-01-02-12.wav,12,female,angry,5
690,RAVDESS/Actor_12/03-01-05-01-02-01-12.wav,12,female,angry,5
691,RAVDESS/Actor_12/03-01-05-01-02-02-12.wav,12,female,angry,5
692,RAVDESS/Actor_12/03-01-05-02-01-01-12.wav,12,female,angry,5
693,RAVDESS/Actor_12/03-01-05-02-01-02-12.wav,12,female,angry,5
694,RAVDESS/Actor_12/03-01-05-02-02-01-12.wav,12,female,angry,5
695,RAVDESS/Actor_12/03-01-05-02-02-02-12.wav,12,female,angry,5
696,RAVDESS/Actor_12/03-01-06-01-01-01-12.wav,12,female,fearful,6
697,RAVDESS/Actor_12/03-01-06-01-01-02-12.wav,12,female,fearful,6
698,RAVDESS/Actor_12/03-01-06-01-02-01-12.wav,12,female,fearful,6
699,RAVDESS/Actor_12/03-01-06-01-02-02-12.wav,12,female,fearful,6
700,RAVDESS/Actor_12/03-01-06-02-01-01-12.wav,12,female,fearful,6
701,RAVDESS/Actor_12/03-01-06-02-01-02-12.wav,12,female,fearful,6
702,RAVDESS/Actor_12/03-01-06-02-02-01-12.wav,12,female,fearful,6
703,RAVDESS/Actor_12/03-01-06-02-02-02-12.wav,12,female,fearful,6
704,RAVDESS/Actor_12/03-01-07-01-01-01-12.wav,12,female,disgust,7
705,RAVDESS/Actor_12/03-01-07-01-01-02-12.wav,12,female,disgust,7
706,RAVDESS/Actor_12/03-01-07-01-02-01-12.wav,12,female,disgust,7
707,RAVDESS/Actor_12/03-01-07-01-02-02-12.wav,12,female,disgust,7
708,RAVDESS/Actor_12/03-01-07-02-01-01-12.wav,12,female,disgust,7
709,RAVDESS/Actor_12/03-01-07-02-01-02-12.wav,12,female,disgust,7
710,RAVDESS/Actor_12/03-01-07-02-02-01-12.wav,12,female,disgust,7
711,RAVDESS/Actor_12/03-01-07-02-02-02-12.wav,12,female,disgust,7
712,RAVDESS/Actor_12/03-01-08-01-01-01-12.wav,12,female,surprised,8
713,RAVDESS/Actor_12/03-01-08-01-01-02-12.wav,12,female,surprised,8
714,RAVDESS/Actor_12/03-01-08-01-02-01-12.wav,12,female,surprised,8
715,RAVDESS/Actor_12/03-01-08-01-02-02-12.wav,12,female,surprised,8
716,RAVDESS/Actor_12/03-01-08-02-01-01-12.wav,12,female,surprised,8
717,RAVDESS/Actor_12/03-01-08-02-01-02-12.wav,12,female,surprised,8
718,RAVDESS/Actor_12/03-01-08-02-02-01-12.wav,12,female,surprised,8
719,RAVDESS/Actor_12/03-01-08-02-02-02-12.wav,12,female,surprised,8
720,RAVDESS/Actor_13/03-01-01-01-01-01-13.wav,13,male,neutral,1
721,RAVDESS/Actor_13/03-01-01-01-01-02-13.wav,13,male,neutral,1
722,RAVDESS/Actor_13/03-01-01-01-02-01-13.wav,13,male,neutral,1
723,RAVDESS/Actor_13/03-01-01-01-02-02-13.wav,13,male,neutral,1
724,RAVDESS/Actor_13/03-01-02-01-01-01-13.wav,13,male,calm,2
725,RAVDESS/Actor_13/03-01-02-01-01-02-13.wav,13,male,calm,2
726,RAVDESS/Actor_13/03-01-02-01-02-01-13.wav,13,male,calm,2
727,RAVDESS/Actor_13/03-01-02-01-02-02-13.wav,13,male,calm,2
728,RAVDESS/Actor_13/03-01-02-02-01-01-13.wav,13,male,calm,2
729,RAVDESS/Actor_13/03-01-02-02-01-02-13.wav,13,male,calm,2
730,RAVDESS/Actor_13/03-01-02-02-02-01-13.wav,13,male,calm,2
731,RAVDESS/Actor_13/03-01-02-02-02-02-13.wav,13,male,calm,2
732,RAVDESS/Actor_13/03-01-03-01-01-01-13.wav,13,male,happy,3
733,RAVDESS/Actor_13/03-01-03-01-01-02-13.wav,13,male,happy,3
734,RAVDESS/Actor_13/03-01-03-01-02-01-13.wav,13,male,happy,3
735,RAVDESS/Actor_13/03-01-03-01-02-02-13.wav,13,male,happy,3
736,RAVDESS/Actor_13/03-01-03-02-01-01-13.wav,13,male,happy,3
737,RAVDESS/Actor_13/03-01-03-02-01-02-13.wav,13,male,happy,3
738,RAVDESS/Actor_13/03-01-03-02-02-01-13.wav,13,male,happy,3
739,RAVDESS/Actor_13/03-01-03-02-02-02-13.wav,13,male,happy,3
740,RAVDESS/Actor_13/03-01-04-01-01-01-13.wav,13,male,sad,4
741,RAVDESS/Actor_13/03-01-04-01-01-02-13.wav,13,male,sad,4
742,RAVDESS/Actor_13/03-01-04-01-02-01-13.wav,13,male,sad,4
743,RAVDESS/Actor_13/03-01-04-01-02-02-13.wav,13,male,sad,4
744,RAVDESS/Actor_13/03-01-04-02-01-01-13.wav,13,male,sad,4
745,RAVDESS/Actor_13/03-01-04-02-01-02-13.wav,13,male,sad,4
746,RAVDESS/Actor_13/03-01-04-02-02-01-13.wav,13,male,sad,4
747,RAVDESS/Actor_13/03-01-04-02-02-02-13.wav,13,male,sad,4
748,RAVDESS/Actor_13/03-01-05-01-01-01-13.wav,13,male,angry,5
749,RAVDESS/Actor_13/03-01-05-01-01-02-13.wav,13,male,angry,5
750,RAVDESS/Actor_13/03-01-05-01-02-01-13.wav,13,male,angry,5
751,RAVDESS/Actor_13/03-01-05-01-02-02-13.wav,13,male,angry,5
752,RAVDESS/Actor_13/03-01-05-02-01-01-13.wav,13,male,angry,5
753,RAVDESS/Actor_13/03-01-05-02-01-02-13.wav,13,male,angry,5
754,RAVDESS/Actor_13/03-01-05-02-02-01-13.wav,13,male,angry,5
755,RAVDESS/Actor_13/03-01-05-02-02-02-13.wav,13,male,angry,5
756,RAVDESS/Actor_13/03-01-06-01-01-01-13.wav,13,male,fearful,6
757,RAVDESS/Actor_13/03-01-06-01-01-02-13.wav,13,male,fearful,6
758,RAVDESS/Actor_13/03-01-06-01-02-01-13.wav,13,male,fearful,6
759,RAVDESS/Actor_13/03-01-06-01-02-02-13.wav,13,male,fearful,6
760,RAVDESS/Actor_13/03-01-06-02-01-01-13.wav,13,male,fearful,6
761,RAVDESS/Actor_13/03-01-06-02-01-02-13.wav,13,male,fearful,6
762,RAVDESS/Actor_13/03-01-06-02-02-01-13.wav,13,male,fearful,6
763,RAVDESS/Actor_13/03-01-06-02-02-02-13.wav,13,male,fearful,6
764,RAVDESS/Actor_13/03-01-07-01-01-01-13.wav,13,male,disgust,7
765,RAVDESS/Actor_13/03-01-07-01-01-02-13.wav,13,male,disgust,7
766,RAVDESS/Actor_13/03-01-07-01-02-01-13.wav,13,male,disgust,7
767,RAVDESS/Actor_13/03-01-07-01-02-02-13.wav,13,male,disgust,7
768,RAVDESS/Actor_13/03-01-07-02-01-01-13.wav,13,male,disgust,7
769,RAVDESS/Actor_13/03-01-07-02-01-02-13.wav,13,male,disgust,7
770,RAVDESS/Actor_13/03-01-07-02-02-01-13.wav,13,male,disgust,7
771,RAVDESS/Actor_13/03-01-07-02-02-02-13.wav,13,male,disgust,7
772,RAVDESS/Actor_13/03-01-08-01-01-01-13.wav,13,male,surprised,8
773,RAVDESS/Actor_13/03-01-08-01-01-02-13.wav,13,male,surprised,8
774,RAVDESS/Actor_13/03-01-08-01-02-01-13.wav,13,male,surprised,8
775,RAVDESS/Actor_13/03-01-08-01-02-02-13.wav,13,male,surprised,8
776,RAVDESS/Actor_13/03-01-08-02-01-01-13.wav,13,male,surprised,8
777,RAVDESS/Actor_13/03-01-08-02-01-02-13.wav,13,male,surprised,8
778,RAVDESS/Actor_13/03-01-08-02-02-01-13.wav,13,male,surprised,8
779,RAVDESS/Actor_13/03-01-08-02-02-02-13.wav,13,male,surprised,8
780,RAVDESS/Actor_14/03-01-01-01-01-01-14.wav,14,female,neutral,1
781,RAVDESS/Actor_14/03-01-01-01-01-02-14.wav,14,female,neutral,1
782,RAVDESS/Actor_14/03-01-01-01-02-01-14.wav,14,female,neutral,1
783,RAVDESS/Actor_14/03-01-01-01-02-02-14.wav,14,female,neutral,1
784,RAVDESS/Actor_14/03-01-02-01-01-01-14.wav,14,female,calm,2
785,RAVDESS/Actor_14/03-01-02-01-01-02-14.wav,14,female,calm,2
786,RAVDESS/Actor_14/03-01-02-01-02-01-14.wav,14,female,calm,2
787,RAVDESS/Actor_14/03-01-02-01-02-02-14.wav,14,female,calm,2
788,RAVDESS/Actor_14/03-01-02-02-01-01-14.wav,14,female,calm,2
789,RAVDESS/Actor_14/03-01-02-02-01-02-14.wav,14,female,calm,2
790,RAVDESS/Actor_14/03-01-02-02-02-01-14.wav,14,female,calm,2
791,RAVDESS/Actor_14/03-01-02-02-02-02-14.wav,14,female,calm,2
792,RAVDESS/Actor_14/03-01-03-01-01-01-14.wav,14,female,happy,3
793,RAVDESS/Actor_14/03-01-03-01-01-02-14.wav,14,female,happy,3
794,RAVDESS/Actor_14/03-01-03-01-02-01-14.wav,14,female,happy,3
795,RAVDESS/Actor_14/03-01-03-01-02-02-14.wav,14,female,happy,3
796,RAVDESS/Actor_14/03-01-03-02-01-01-14.wav,14,female,happy,3
797,RAVDESS/Actor_14/03-01-03-02-01-02-14.wav,14,female,happy,3
798,RAVDESS/Actor_14/03-01-03-02-02-01-14.wav,14,female,happy,3
799,RAVDESS/Actor_14/03-01-03-02-02-02-14.wav,14,female,happy,3
800,RAVDESS/Actor_14/03-01-04-01-01-01-14.wav,14,female,sad,4
801,RAVDESS/Actor_14/03-01-04-01-01-02-14.wav,14,female,sad,4
802,RAVDESS/Actor_14/03-01-04-01-02-01-14.wav,14,female,sad,4
803,RAVDESS/Actor_14/03-01-04-01-02-02-14.wav,14,female,sad,4
804,RAVDESS/Actor_14/03-01-04-02-01-01-14.wav,14,female,sad,4
805,RAVDESS/Actor_14/03-01-04-02-01-02-14.wav,14,female,sad,4
806,RAVDESS/Actor_14/03-01-04-02-02-01-14.wav,14,female,sad,4
807,RAVDESS/Actor_14/03-01-04-02-02-02-14.wav,14,female,sad,4
808,RAVDESS/Actor_14/03-01-05-01-01-01-14.wav,14,female,angry,5
809,RAVDESS/Actor_14/03-01-05-01-01-02-14.wav,14,female,angry,5
810,RAVDESS/Actor_14/03-01-05-01-02-01-14.wav,14,female,angry,5
811,RAVDESS/Actor_14/03-01-05-01-02-02-14.wav,14,female,angry,5
812,RAVDESS/Actor_14/03-01-05-02-01-01-14.wav,14,female,angry,5
813,RAVDESS/Actor_14/03-01-05-02-01-02-14.wav,14,female,angry,5
814,RAVDESS/Actor_14/03-01-05-02-02-01-14.wav,14,female,angry,5
815,RAVDESS/Actor_14/03-01-05-02-02-02-14.wav,14,female,angry,5
816,RAVDESS/Actor_14/03-01-06-01-01-01-14.wav,14,female,fearful,6
817,RAVDESS/Actor_14/03-01-06-01-01-02-14.wav,14,female,fearful,6
818,RAVDESS/Actor_14/03-01-06-01-02-01-14.wav,14,female,fearful,6
819,RAVDESS/Actor_14/03-01-06-01-02-02-14.wav,14,female,fearful,6
820,RAVDESS/Actor_14/03-01-06-02-01-01-14.wav,14,female,fearful,6
821,RAVDESS/Actor_14/03-01-06-02-01-02-14.wav,14,female,fearful,6
822,RAVDESS/Actor_14/03-01-06-02-02-01-14.wav,14,female,fearful,6
823,RAVDESS/Actor_14/03-01-06-02-02-02-14.wav,14,female,fearful,6
824,RAVDESS/Actor_14/03-01-07-01-01-01-14.wav,14,female,disgust,7
825,RAVDESS/Actor_14/03-01-07-01-01-02-14.wav,14,female,disgust,7
826,RAVDESS/Actor_14/03-01-07-01-02-01-14.wav,14,female,disgust,7
827,RAVDESS/Actor_14/03-01-07-01-02-02-14.wav,14,female,disgust,7
828,RAVDESS/Actor_14/03-01-07-02-01-01-14.wav,14,female,disgust,7
829,RAVDESS/Actor_14/03-01-07-02-01-02-14.wav,14,female,disgust,7
830,RAVDESS/Actor_14/03-01-07-02-02-01-14.wav,14,female,disgust,7
831,RAVDESS/Actor_14/03-01-07-02-02-02-14.wav,14,female,disgust,7
832,RAVDESS/Actor_14/03-01-08-01-01-01-14.wav,14,female,surprised,8
833,RAVDESS/Actor_14/03-01-08-01-01-02-14.wav,14,female,surprised,8
834,RAVDESS/Actor_14/03-01-08-01-02-01-14.wav,14,female,surprised,8
835,RAVDESS/Actor_14/03-01-08-01-02-02-14.wav,14,female,surprised,8
836,RAVDESS/Actor_14/03-01-08-02-01-01-14.wav,14,female,surprised,8
837,RAVDESS/Actor_14/03-01-08-02-01-02-14.wav,14,female,surprised,8
838,RAVDESS/Actor_14/03-01-08-02-02-01-14.wav,14,female,surprised,8
839,RAVDESS/Actor_14/03-01-08-02-02-02-14.wav,14,female,surprised,8
840,RAVDESS/Actor_15/03-01-01-01-01-01-15.wav,15,male,neutral,1
841,RAVDESS/Actor_15/03-01-01-01-01-02-15.wav,15,male,neutral,1
842,RAVDESS/Actor_15/03-01-01-01-02-01-15.wav,15,male,neutral,1
843,RAVDESS/Actor_15/03-01-01-01-02-02-15.wav,15,male,neutral,1
844,RAVDESS/Actor_15/03-01-02-01-01-01-15.wav,15,male,calm,2
845,RAVDESS/Actor_15/03-01-02-01-01-02-15.wav,15,male,calm,2
846,RAVDESS/Actor_15/03-01-02-01-02-01-15.wav,15,male,calm,2
847,RAVDESS/Actor_15/03-01-02-01-02-02-15.wav,15,male,calm,2
848,RAVDESS/Actor_15/03-01-02-02-01-01-15.wav,15,male,calm,2
849,RAVDESS/Actor_15/03-01-02-02-01-02-15.wav,15,male,calm,2
850,RAVDESS/Actor_15/03-01-02-02-02-01-15.wav,15,male,calm,2
851,RAVDESS/Actor_15/03-01-02-02-02-02-15.wav,15,male,calm,2
852,RAVDESS/Actor_15/03-01-03-01-01-01-15.wav,15,male,happy,3
853,RAVDESS/Actor_15/03-01-03-01-01-02-15.wav,15,male,happy,3
854,RAVDESS/Actor_15/03-01-03-01-02-01-15.wav,15,male,happy,3
855,RAVDESS/Actor_15/03-01-03-01-02-02-15.wav,15,male,happy,3
856,RAVDESS/Actor_15/03-01-03-02-01-01-15.wav,15,male,happy,3
857,RAVDESS/Actor_15/03-01-03-02-01-02-15.wav,15,male,happy,3
858,RAVDESS/Actor_15/03-01-03-02-02-01-15.wav,15,male,happy,3
859,RAVDESS/Actor_15/03-01-03-02-02-02-15.wav,15,male,happy,3
860,RAVDESS/Actor_15/03-01-04-01-01-01-15.wav,15,male,sad,4
861,RAVDESS/Actor_15/03-01-04-01-01-02-15.wav,15,male,sad,4
862,RAVDESS/Actor_15/03-01-04-01-02-01-15.wav,15,male,sad,4
863,RAVDESS/Actor_15/03-01-04-01-02-02-15.wav,15,male,sad,4
864,RAVDESS/Actor_15/03-01-04-02-01-01-15.wav,15,male,sad,4
865,RAVDESS/Actor_15/03-01-04-02-01-02-15.wav,15,male,sad,4
866,RAVDESS/Actor_15/03-01-04-02-02-01-15.wav,15,male,sad,4
867,RAVDESS/Actor_15/03-01-04-02-02-02-15.wav,15,male,sad,4
868,RAVDESS/Actor_15/03-01-05-01-01-01-15.wav,15,male,angry,5
869,RAVDESS/Actor_15/03-01-05-01-01-02-15.wav,15,male,angry,5
870,RAVDESS/Actor_15/03-01-05-01-02-01-15.wav,15,male,angry,5
871,RAVDESS/Actor_15/03-01-05-01-02-02-15.wav,15,male,angry,5
872,RAVDESS/Actor_15/03-01-05-02-01-01-15.wav,15,male,angry,5
873,RAVDESS/Actor_15/03-01-05-02-01-02-15.wav,15,male,angry,5
874,RAVDESS/Actor_15/03-01-05-02-02-01-15.wav,15,male,angry,5
875,RAVDESS/Actor_15/03-01-05-02-02-02-15.wav,15,male,angry,5
876,RAVDESS/Actor_15/03-01-06-01-01-01-15.wav,15,male,fearful,6
877,RAVDESS/Actor_15/03-01-06-01-01-02-15.wav,15,male,fearful,6
878,RAVDESS/Actor_15/03-01-06-01-02-01-15.wav,15,male,fearful,6
879,RAVDESS/Actor_15/03-01-06-01-02-02-15.wav,15,male,fearful,6
880,RAVDESS/Actor_15/03-01-06-02-01-01-15.wav,15,male,fearful,6
881,RAVDESS/Actor_15/03-01-06-02-01-02-15.wav,15,male,fearful,6
882,RAVDESS/Actor_15/03-01-06-02-02-01-15.wav,15,male,fearful,6
883,RAVDESS/Actor_15/03-01-06-02-02-02-15.wav,15,male,fearful,6
884,RAVDESS/Actor_15/03-01-07-01-01-01-15.wav,15,male,disgust,7
885,RAVDESS/Actor_15/03-01-07-01-01-02-15.wav,15,male,disgust,7
886,RAVDESS/Actor_15/03-01-07-01-02-01-15.wav,15,male,disgust,7
887,RAVDESS/Actor_15/03-01-07-01-02-02-15.wav,15,male,disgust,7
888,RAVDESS/Actor_15/03-01-07-02-01-01-15.wav,15,male,disgust,7
889,RAVDESS/Actor_15/03-01-07-02-01-02-15.wav,15,male,disgust,7
890,RAVDESS/Actor_15/03-01-07-02-02-01-15.wav,15,male,disgust,7
891,RAVDESS/Actor_15/03-01-07-02-02-02-15.wav,15,male,disgust,7
892,RAVDESS/Actor_15/03-01-08-01-01-01-15.wav,15,male,surprised,8
893,RAVDESS/Actor_15/03-01-08-01-01-02-15.wav,15,male,surprised,8
894,RAVDESS/Actor_15/03-01-08-01-02-01-15.wav,15,male,surprised,8
895,RAVDESS/Actor_15/03-01-08-01-02-02-15.wav,15,male,surprised,8
896,RAVDESS/Actor_15/03-01-08-02-01-01-15.wav,15,male,surprised,8
897,RAVDESS/Actor_15/03-01-08-02-01-02-15.wav,15,male,surprised,8
898,RAVDESS/Actor_15/03-01-08-02-02-01-15.wav,15,male,surprised,8
899,RAVDESS/Actor_15/03-01-08-02-02-02-15.wav,15,male,surprised,8
900,RAVDESS/Actor_16/03-01-01-01-01-01-16.wav,16,female,neutral,1
901,RAVDESS/Actor_16/03-01-01-01-01-02-16.wav,16,female,neutral,1
902,RAVDESS/Actor_16/03-01-01-01-02-01-16.wav,16,female,neutral,1
903,RAVDESS/Actor_16/03-01-01-01-02-02-16.wav,16,female,neutral,1
904,RAVDESS/Actor_16/03-01-02-01-01-01-16.wav,16,female,calm,2
905,RAVDESS/Actor_16/03-01-02-01-01-02-16.wav,16,female,calm,2
906,RAVDESS/Actor_16/03-01-02-01-02-01-16.wav,16,female,calm,2
907,RAVDESS/Actor_16/03-01-02-01-02-02-16.wav,16,female,calm,2
908,RAVDESS/Actor_16/03-01-02-02-01-01-16.wav,16,female,calm,2
909,RAVDESS/Actor_16/03-01-02-02-01-02-16.wav,16,female,calm,2
910,RAVDESS/Actor_16/03-01-02-02-02-01-16.wav,16,female,calm,2
911,RAVDESS/Actor_16/03-01-02-02-02-02-16.wav,16,female,calm,2
912,RAVDESS/Actor_16/03-01-03-01-01-01-16.wav,16,female,happy,3
913,RAVDESS/Actor_16/03-01-03-01-01-02-16.wav,16,female,happy,3
914,RAVDESS/Actor_16/03-01-03-01-02-01-16.wav,16,female,happy,3
915,RAVDESS/Actor_16/03-01-03-01-02-02-16.wav,16,female,happy,3
916,RAVDESS/Actor_16/03-01-03-02-01-01-16.wav,16,female,happy,3
917,RAVDESS/Actor_16/03-01-03-02-01-02-16.wav,16,female,happy,3
918,RAVDESS/Actor_16/03-01-03-02-02-01-16.wav,16,female,happy,3
919,RAVDESS/Actor_16/03-01-03-02-02-02-16.wav,16,female,happy,3
920,RAVDESS/Actor_16/03-01-04-01-01-01-16.wav,16,female,sad,4
921,RAVDESS/Actor_16/03-01-04-01-01-02-16.wav,16,female,sad,4
922,RAVDESS/Actor_16/03-01-04-01-02-01-16.wav,16,female,sad,4
923,RAVDESS/Actor_16/03-01-04-01-02-02-16.wav,16,female,sad,4
924,RAVDESS/Actor_16/03-01-04-02-01-01-16.wav,16,female,sad,4
925,RAVDESS/Actor_16/03-01-04-02-01-02-16.wav,16,female,sad,4
926,RAVDESS/Actor_16/03-01-04-02-02-01-16.wav,16,female,sad,4
927,RAVDESS/Actor_16/03-01-04-02-02-02-16.wav,16,female,sad,4
928,RAVDESS/Actor_16/03-01-05-01-01-01-16.wav,16,female,angry,5
929,RAVDESS/Actor_16/03-01-05-01-01-02-16.wav,16,female,angry,5
930,RAVDESS/Actor_16/03-01-05-01-02-01-16.wav,16,female,angry,5
931,RAVDESS/Actor_16/03-01-05-01-02-02-16.wav,16,female,angry,5
932,RAVDESS/Actor_16/03-01-05-02-01-01-16.wav,16,female,angry,5
933,RAVDESS/Actor_16/03-01-05-02-01-02-16.wav,16,female,angry,5
934,RAVDESS/Actor_16/03-01-05-02-02-01-16.wav,16,female,angry,5
935,RAVDESS/Actor_16/03-01-05-02-02-02-16.wav,16,female,angry,5
936,RAVDESS/Actor_16/03-01-06-01-01-01-16.wav,16,female,fearful,6
937,RAVDESS/Actor_16/03-01-06-01-01-02-16.wav,16,female,fearful,6
938,RAVDESS/Actor_16/03-01-06-01-02-01-16.wav,16,female,fearful,6
939,RAVDESS/Actor_16/03-01-06-01-02-02-16.wav,16,female,fearful,6
940,RAVDESS/Actor_16/03-01-06-02-01-01-16.wav,16,female,fearful,6
941,RAVDESS/Actor_16/03-01-06-02-01-02-16.wav,16,female,fearful,6
942,RAVDESS/Actor_16/03-01-06-02-02-01-16.wav,16,female,fearful,6
943,RAVDESS/Actor_16/03-01-06-02-02-02-16.wav,16,female,fearful,6
944,RAVDESS/Actor_16/03-01-07-01-01-01-16.wav,16,female,disgust,7
945,RAVDESS/Actor_16/03-01-07-01-01-02-16.wav,16,female,disgust,7
946,RAVDESS/Actor_16/03-01-07-01-02-01-16.wav,16,female,disgust,7
947,RAVDESS/Actor_16/03-01-07-01-02-02-16.wav,16,female,disgust,7
948,RAVDESS/Actor_16/03-01-07-02-01-01-16.wav,16,female,disgust,7
949,RAVDESS/Actor_16/03-01-07-02-01-02-16.wav,16,female,disgust,7
950,RAVDESS/Actor_16/03-01-07-02-02-01-16.wav,16,female,disgust,7
951,RAVDESS/Actor_16/03-01-07-02-02-02-16.wav,16,female,disgust,7
952,RAVDESS/Actor_16/03-01-08-01-01-01-16.wav,16,female,surprised,8
953,RAVDESS/Actor_16/03-01-08-01-01-02-16.wav,16,female,surprised,8
954,RAVDESS/Actor_16/03-01-08-01-02-01-16.wav,16,female,surprised,8
955,RAVDESS/Actor_16/03-01-08-01-02-02-16.wav,16,female,surprised,8
956,RAVDESS/Actor_16/03-01-08-02-01-01-16.wav,16,female,surprised,8
957,RAVDESS/Actor_16/03-01-08-02-01-02-16.wav,16,female,surprised,8
958,RAVDESS/Actor_16/03-01-08-02-02-01-16.wav,16,female,surprised,8
959,RAVDESS/Actor_16/03-01-08-02-02-02-16.wav,16,female,surprised,8
960,RAVDESS/Actor_17/03-01-01-01-01-01-17.wav,17,male,neutral,1
961,RAVDESS/Actor_17/03-01-01-01-01-02-17.wav,17,male,neutral,1
962,RAVDESS/Actor_17/03-01-01-01-02-01-17.wav,17,male,neutral,1
963,RAVDESS/Actor_17/03-01-01-01-02-02-17.wav,17,male,neutral,1
964,RAVDESS/Actor_17/03-01-02-01-01-01-17.wav,17,male,calm,2
965,RAVDESS/Actor_17/03-01-02-01-01-02-17.wav,17,male,calm,2
966,RAVDESS/Actor_17/03-01-02-01-02-01-17.wav,17,male,calm,2
967,RAVDESS/Actor_17/03-01-02-01-02-02-17.wav,17,male,calm,2
968,RAVDESS/Actor_17/03-01-02-02-01-01-17.wav,17,male,calm,2
969,RAVDESS/Actor_17/03-01-02-02-01-02-17.wav,17,male,calm,2
970,RAVDESS/Actor_17/03-01-02-02-02-01-17.wav,17,male,calm,2
971,RAVDESS/Actor_17/03-01-02-02-02-02-17.wav,17,male,calm,2
972,RAVDESS/Actor_17/03-01-03-01-01-01-17.wav,17,male,happy,3
973,RAVDESS/Actor_17/03-01-03-01-01-02-17.wav,17,male,happy,3
974,RAVDESS/Actor_17/03-01-03-01-02-01-17.wav,17,male,happy,3
975,RAVDESS/Actor_17/03-01-03-01-02-02-17.wav,17,male,happy,3
976,RAVDESS/Actor_17/03-01-03-02-01-01-17.wav,17,male,happy,3
977,RAVDESS/Actor_17/03-01-03-02-01-02-17.wav,17,male,happy,3
978,RAVDESS/Actor_17/03-01-03-02-02-01-17.wav,17,male,happy,3
979,RAVDESS/Actor_17/03-01-03-02-02-02-17.wav,17,male,happy,3
980,RAVDESS/Actor_17/03-01-04-01-01-01-17.wav,17,male,sad,4
981,RAVDESS/Actor_17/03-01-04-01-01-02-17.wav,17,male,sad,4
982,RAVDESS/Actor_17/03-01-04-01-02-01-17.wav,17,male,sad,4
983,RAVDESS/Actor_17/03-01-04-01-02-02-17.wav,17,male,sad,4
984,RAVDESS/Actor_17/03-01-04-02-01-01-17.wav,17,male,sad,4
985,RAVDESS/Actor_17/03-01-04-02-01-02-17.wav,17,male,sad,4
986,RAVDESS/Actor_17/03-01-04-02-02-01-17.wav,17,male,sad,4
987,RAVDESS/Actor_17/03-01-04-02-02-02-17.wav,17,male,sad,4
988,RAVDESS/Actor_17/03-01-05-01-01-01-17.wav,17,male,angry,5
989,RAVDESS/Actor_17/03-01-05-01-01-02-17.wav,17,male,angry,5
990,RAVDESS/Actor_17/03-01-05-01-02-01-17.wav,17,male,angry,5
991,RAVDESS/Actor_17/03-01-05-01-02-02-17.wav,17,male,angry,5
992,RAVDESS/Actor_17/03-01-05-02-01-01-17.wav,17,male,angry,5
993,RAVDESS/Actor_17/03-01-05-02-01-02-17.wav,17,male,angry,5
994,RAVDESS/Actor_17/03-01-05-02-02-01-17.wav,17,male,angry,5
995,RAVDESS/Actor_17/03-01-05-02-02-02-17.wav,17,male,angry,5
996,RAVDESS/Actor_17/03-01-06-01-01-01-17.wav,17,male,fearful,6
997,RAVDESS/Actor_17/03-01-06-01-01-02-17.wav,17,male,fearful,6
998,RAVDESS/Actor_17/03-01-06-01-02-01-17.wav,17,male,fearful,6
999,RAVDESS/Actor_17/03-01-06-01-02-02-17.wav,17,male,fearful,6
1000,RAVDESS/Actor_17/03-01-06-02-01-01-17.wav,17,male,fearful,6
1001,RAVDESS/Actor_17/03-01-06-02-01-02-17.wav,17,male,fearful,6
1002,RAVDESS/Actor_17/03-01-06-02-02-01-17.wav,17,male,fearful,6
1003,RAVDESS/Actor_17/03-01-06-02-02-02-17.wav,17,male,fearful,6
1004,RAVDESS/Actor_17/03-01-07-01-01-01-17.wav,17,male,disgust,7
1005,RAVDESS/Actor_17/03-01-07-01-01-02-17.wav,17,male,disgust,7
1006,RAVDESS/Actor_17/03-01-07-01-02-01-17.wav,17,male,disgust,7
1007,RAVDESS/Actor_17/03-01-07-01-02-02-17.wav,17,male,disgust,7
1008,RAVDESS/Actor_17/03-01-07-02-01-01-17.wav,17,male,disgust,7
1009,RAVDESS/Actor_17/03-01-07-02-01-02-17.wav,17,male,disgust,7
1010,RAVDESS/Actor_17/03-01-07-02-02-01-17.wav,17,male,disgust,7
1011,RAVDESS/Actor_17/03-01-07-02-02-02-17.wav,17,male,disgust,7
1012,RAVDESS/Actor_17/03-01-08-01-01-01-17.wav,17,male,surprised,8
1013,RAVDESS/Actor_17/03-01-08-01-01-02-17.wav,17,male,surprised,8
1014,RAVDESS/Actor_17/03-01-08-01-02-01-17.wav,17,male,surprised,8
1015,RAVDESS/Actor_17/03-01-08-01-02-02-17.wav,17,male,surprised,8
1016,RAVDESS/Actor_17/03-01-08-02-01-01-17.wav,17,male,surprised,8
1017,RAVDESS/Actor_17/03-01-08-02-01-02-17.wav,17,male,surprised,8
1018,RAVDESS/Actor_17/03-01-08-02-02-01-17.wav,17,male,surprised,8
1019,RAVDESS/Actor_17/03-01-08-02-02-02-17.wav,17,male,surprised,8
1020,RAVDESS/Actor_18/03-01-01-01-01-01-18.wav,18,female,neutral,1
1021,RAVDESS/Actor_18/03-01-01-01-01-02-18.wav,18,female,neutral,1
1022,RAVDESS/Actor_18/03-01-01-01-02-01-18.wav,18,female,neutral,1
1023,RAVDESS/Actor_18/03-01-01-01-02-02-18.wav,18,female,neutral,1
1024,RAVDESS/Actor_18/03-01-02-01-01-01-18.wav,18,female,calm,2
1025,RAVDESS/Actor_18/03-01-02-01-01-02-18.wav,18,female,calm,2
1026,RAVDESS/Actor_18/03-01-02-01-02-01-18.wav,18,female,calm,2
1027,RAVDESS/Actor_18/03-01-02-01-02-02-18.wav,18,female,calm,2
1028,RAVDESS/Actor_18/03-01-02-02-01-01-18.wav,18,female,calm,2
1029,RAVDESS/Actor_18/03-01-02-02-01-02-18.wav,18,female,calm,2
1030,RAVDESS/Actor_18/03-01-02-02-02-01-18.wav,18,female,calm,2
1031,RAVDESS/Actor_18/03-01-02-02-02-02-18.wav,18,female,calm,2
1032,RAVDESS/Actor_18/03-01-03-01-01-01-18.wav,18,female,happy,3
1033,RAVDESS/Actor_18/03-01-03-01-01-02-18.wav,18,female,happy,3
1034,RAVDESS/Actor_18/03-01-03-01-02-01-18.wav,18,female,happy,3
1035,RAVDESS/Actor_18/03-01-03-01-02-02-18.wav,18,female,happy,3
1036,RAVDESS/Actor_18/03-01-03-02-01-01-18.wav,18,female,happy,3
1037,RAVDESS/Actor_18/03-01-03-02-01-02-18.wav,18,female,happy,3
1038,RAVDESS/Actor_18/03-01-03-02-02-01-18.wav,18,female,happy,3
1039,RAVDESS/Actor_18/03-01-03-02-02-02-18.wav,18,female,happy,3
1040,RAVDESS/Actor_18/03-01-04-01-01-01-18.wav,18,female,sad,4
1041,RAVDESS/Actor_18/03-01-04-01-01-02-18.wav,18,female,sad,4
1042,RAVDESS/Actor_18/03-01-04-01-02-01-18.wav,18,female,sad,4
1043,RAVDESS/Actor_18/03-01-04-01-02-02-18.wav,18,female,sad,4
1044,RAVDESS/Actor_18/03-01-04-02-01-01-18.wav,18,female,sad,4
1045,RAVDESS/Actor_18/03-01-04-02-01-02-18.wav,18,female,sad,4
1046,RAVDESS/Actor_18/03-01-04-02-02-01-18.wav,18,female,sad,4
1047,RAVDESS/Actor_18/03-01-04-02-02-02-18.wav,18,female,sad,4
1048,RAVDESS/Actor_18/03-01-05-01-01-01-18.wav,18,female,angry,5
1049,RAVDESS/Actor_18/03-01-05-01-01-02-18.wav,18,female,angry,5
1050,RAVDESS/Actor_18/03-01-05-01-02-01-18.wav,18,female,angry,5
1051,RAVDESS/Actor_18/03-01-05-01-02-02-18.wav,18,female,angry,5
1052,RAVDESS/Actor_18/03-01-05-02-01-01-18.wav,18,female,angry,5
1053,RAVDESS/Actor_18/03-01-05-02-01-02-18.wav,18,female,angry,5
1054,RAVDESS/Actor_18/03-01-05-02-02-01-18.wav,18,female,angry,5
1055,RAVDESS/Actor_18/03-01-05-02-02-02-18.wav,18,female,angry,5
1056,RAVDESS/Actor_18/03-01-06-01-01-01-18.wav,18,female,fearful,6
1057,RAVDESS/Actor_18/03-01-06-01-01-02-18.wav,18,female,fearful,6
1058,RAVDESS/Actor_18/03-01-06-01-02-01-18.wav,18,female,fearful,6
1059,RAVDESS/Actor_18/03-01-06-01-02-02-18.wav,18,female,fearful,6
1060,RAVDESS/Actor_18/03-01-06-02-01-01-18.wav,18,female,fearful,6
1061,RAVDESS/Actor_18/03-01-06-02-01-02-18.wav,18,female,fearful,6
1062,RAVDESS/Actor_18/03-01-06-02-02-01-18.wav,18,female,fearful,6
1063,RAVDESS/Actor_18/03-01-06-02-02-02-18.wav,18,female,fearful,6
1064,RAVDESS/Actor_18/03-01-07-01-01-01-18.wav,18,female,disgust,7
1065,RAVDESS/Actor_18/03-01-07-01-01-02-18.wav,18,female,disgust,7
1066,RAVDESS/Actor_18/03-01-07-01-02-01-18.wav,18,female,disgust,7
1067,RAVDESS/Actor_18/03-01-07-01-02-02-18.wav,18,female,disgust,7
1068,RAVDESS/Actor_18/03-01-07-02-01-01-18.wav,18,female,disgust,7
1069,RAVDESS/Actor_18/03-01-07-02-01-02-18.wav,18,female,disgust,7
1070,RAVDESS/Actor_18/03-01-07-02-02-01-18.wav,18,female,disgust,7
1071,RAVDESS/Actor_18/03-01-07-02-02-02-18.wav,18,female,disgust,7
1072,RAVDESS/Actor_18/03-01-08-01-01-01-18.wav,18,female,surprised,8
1073,RAVDESS/Actor_18/03-01-08-01-01-02-18.wav,18,female,surprised,8
1074,RAVDESS/Actor_18/03-01-08-01-02-01-18.wav,18,female,surprised,8
1075,RAVDESS/Actor_18/03-01-08-01-02-02-18.wav,18,female,surprised,8
1076,RAVDESS/Actor_18/03-01-08-02-01-01-18.wav,18,female,surprised,8
1077,RAVDESS/Actor_18/03-01-08-02-01-02-18.wav,18,female,surprised,8
1078,RAVDESS/Actor_18/03-01-08-02-02-01-18.wav,18,female,surprised,8
1079,RAVDESS/Actor_18/03-01-08-02-02-02-18.wav,18,female,surprised,8
1080,RAVDESS/Actor_19/03-01-01-01-01-01-19.wav,19,male,neutral,1
1081,RAVDESS/Actor_19/03-01-01-01-01-02-19.wav,19,male,neutral,1
1082,RAVDESS/Actor_19/03-01-01-01-02-01-19.wav,19,male,neutral,1
1083,RAVDESS/Actor_19/03-01-01-01-02-02-19.wav,19,male,neutral,1
1084,RAVDESS/Actor_19/03-01-02-01-01-01-19.wav,19,male,calm,2
1085,RAVDESS/Actor_19/03-01-02-01-01-02-19.wav,19,male,calm,2
1086,RAVDESS/Actor_19/03-01-02-01-02-01-19.wav,19,male,calm,2
1087,RAVDESS/Actor_19/03-01-02-01-02-02-19.wav,19,male,calm,2
1088,RAVDESS/Actor_19/03-01-02-02-01-01-19.wav,19,male,calm,2
1089,RAVDESS/Actor_19/03-01-02-02-01-02-19.wav,19,male,calm,2
1090,RAVDESS/Actor_19/03-01-02-02-02-01-19.wav,19,male,calm,2
1091,RAVDESS/Actor_19/03-01-02-02-02-02-19.wav,19,male,calm,2
1092,RAVDESS/Actor_19/03-01-03-01-01-01-19.wav,19,male,happy,3
1093,RAVDESS/Actor_19/03-01-03-01-01-02-19.wav,19,male,happy,3
1094,RAVDESS/Actor_19/03-01-03-01-02-01-19.wav,19,male,happy,3
1095,RAVDESS/Actor_19/03-01-03-01-02-02-19.wav,19,male,happy,3
1096,RAVDESS/Actor_19/03-01-03-02-01-01-19.wav,19,male,happy,3
1097,RAVDESS/Actor_19/03-01-03-02-01-02-19.wav,19,male,happy,3
1098,RAVDESS/Actor_19/03-01-03-02-02-01-19.wav,19,male,happy,3
1099,RAVDESS/Actor_19/03-01-03-02-02-02-19.wav,19,male,happy,3
1100,RAVDESS/Actor_19/03-01-04-01-01-01-19.wav,19,male,sad,4
1101,RAVDESS/Actor_19/03-01-04-01-01-02-19.wav,19,male,sad,4
1102,RAVDESS/Actor_19/03-01-04-01-02-01-19.wav,19,male,sad,4
1103,RAVDESS/Actor_19/03-01-04-01-02-02-19.wav,19,male,sad,4
1104,RAVDESS/Actor_19/03-01-04-02-01-01-19.wav,19,male,sad,4
1105,RAVDESS/Actor_19/03-01-04-02-01-02-19.wav,19,male,sad,4
1106,RAVDESS/Actor_19/03-01-04-02-02-01-19.wav,19,male,sad,4
1107,RAVDESS/Actor_19/03-01-04-02-02-02-19.wav,19,male,sad,4
1108,RAVDESS/Actor_19/03-01-05-01-01-01-19.wav,19,male,angry,5
1109,RAVDESS/Actor_19/03-01-05-01-01-02-19.wav,19,male,angry,5
1110,RAVDESS/Actor_19/03-01-05-01-02-01-19.wav,19,male,angry,5
1111,RAVDESS/Actor_19/03-01-05-01-02-02-19.wav,19,male,angry,5
1112,RAVDESS/Actor_19/03-01-05-02-01-01-19.wav,19,male,angry,5
1113,RAVDESS/Actor_19/03-01-05-02-01-02-19.wav,19,male,angry,5
1114,RAVDESS/Actor_19/03-01-05-02-02-01-19.wav,19,male,angry,5
1115,RAVDESS/Actor_19/03-01-05-02-02-02-19.wav,19,male,angry,5
1116,RAVDESS/Actor_19/03-01-06-01-01-01-19.wav,19,male,fearful,6
1117,RAVDESS/Actor_19/03-01-06-01-01-02-19.wav,19,male,fearful,6
1118,RAVDESS/Actor_19/03-01-06-01-02-01-19.wav,19,male,fearful,6
1119,RAVDESS/Actor_19/03-01-06-01-02-02-19.wav,19,male,fearful,6
1120,RAVDESS/Actor_19/03-01-06-02-01-01-19.wav,19,male,fearful,6
1121,RAVDESS/Actor_19/03-01-06-02-01-02-19.wav,19,male,fearful,6
1122,RAVDESS/Actor_19/03-01-06-02-02-01-19.wav,19,male,fearful,6
1123,RAVDESS/Actor_19/03-01-06-02-02-02-19.wav,19,male,fearful,6
1124,RAVDESS/Actor_19/03-01-07-01-01-01-19.wav,19,male,disgust,7
1125,RAVDESS/Actor_19/03-01-07-01-01-02-19.wav,19,male,disgust,7
1126,RAVDESS/Actor_19/03-01-07-01-02-01-19.wav,19,male,disgust,7
1127,RAVDESS/Actor_19/03-01-07-01-02-02-19.wav,19,male,disgust,7
1128,RAVDESS/Actor_19/03-01-07-02-01-01-19.wav,19,male,disgust,7
1129,RAVDESS/Actor_19/03-01-07-02-01-02-19.wav,19,male,disgust,7
1130,RAVDESS/Actor_19/03-01-07-02-02-01-19.wav,19,male,disgust,7
1131,RAVDESS/Actor_19/03-01-07-02-02-02-19.wav,19,male,disgust,7
1132,RAVDESS/Actor_19/03-01-08-01-01-01-19.wav,19,male,surprised,8
1133,RAVDESS/Actor_19/03-01-08-01-01-02-19.wav,19,male,surprised,8
1134,RAVDESS/Actor_19/03-01-08-01-02-01-19.wav,19,male,surprised,8
1135,RAVDESS/Actor_19/03-01-08-01-02-02-19.wav,19,male,surprised,8
1136,RAVDESS/Actor_19/03-01-08-02-01-01-19.wav,19,male,surprised,8
1137,RAVDESS/Actor_19/03-01-08-02-01-02-19.wav,19,male,surprised,8
1138,RAVDESS/Actor_19/03-01-08-02-02-01-19.wav,19,male,surprised,8
1139,RAVDESS/Actor_19/03-01-08-02-02-02-19.wav,19,male,surprised,8
1140,RAVDESS/Actor_20/03-01-01-01-01-01-20.wav,20,female,neutral,1
1141,RAVDESS/Actor_20/03-01-01-01-01-02-20.wav,20,female,neutral,1
1142,RAVDESS/Actor_20/03-01-01-01-02-01-20.wav,20,female,neutral,1
1143,RAVDESS/Actor_20/03-01-01-01-02-02-20.wav,20,female,neutral,1
1144,RAVDESS/Actor_20/03-01-02-01-01-01-20.wav,20,female,calm,2
1145,RAVDESS/Actor_20/03-01-02-01-01-02-20.wav,20,female,calm,2
1146,RAVDESS/Actor_20/03-01-02-01-02-01-20.wav,20,female,calm,2
1147,RAVDESS/Actor_20/03-01-02-01-02-02-20.wav,20,female,calm,2
1148,RAVDESS/Actor_20/03-01-02-02-01-01-20.wav,20,female,calm,2
1149,RAVDESS/Actor_20/03-01-02-02-01-02-20.wav,20,female,calm,2
1150,RAVDESS/Actor_20/03-01-02-02-02-01-20.wav,20,female,calm,2
1151,RAVDESS/Actor_20/03-01-02-02-02-02-20.wav,20,female,calm,2
1152,RAVDESS/Actor_20/03-01-03-01-01-01-20.wav,20,female,happy,3
1153,RAVDESS/Actor_20/03-01-03-01-01-02-20.wav,20,female,happy,3
1154,RAVDESS/Actor_20/03-01-03-01-02-01-20.wav,20,female,happy,3
1155,RAVDESS/Actor_20/03-01-03-01-02-02-20.wav,20,female,happy,3
1156,RAVDESS/Actor_20/03-01-03-02-01-01-20.wav,20,female,happy,3
1157,RAVDESS/Actor_20/03-01-03-02-01-02-20.wav,20,female,happy,3
1158,RAVDESS/Actor_20/03-01-03-02-02-01-20.wav,20,female,happy,3
1159,RAVDESS/Actor_20/03-01-03-02-02-02-20.wav,20,female,happy,3
1160,RAVDESS/Actor_20/03-01-04-01-01-01-20.wav,20,female,sad,4
1161,RAVDESS/Actor_20/03-01-04-01-01-02-20.wav,20,female,sad,4
1162,RAVDESS/Actor_20/03-01-04-01-02-01-20.wav,20,female,sad,4
1163,RAVDESS/Actor_20/03-01-04-01-02-02-20.wav,20,female,sad,4
1164,RAVDESS/Actor_20/03-01-04-02-01-01-20.wav,20,female,sad,4
1165,RAVDESS/Actor_20/03-01-04-02-01-02-20.wav,20,female,sad,4
1166,RAVDESS/Actor_20/03-01-04-02-02-01-20.wav,20,female,sad,4
1167,RAVDESS/Actor_20/03-01-04-02-02-02-20.wav,20,female,sad,4
1168,RAVDESS/Actor_20/03-01-05-01-01-01-20.wav,20,female,angry,5
1169,RAVDESS/Actor_20/03-01-05-01-01-02-20.wav,20,female,angry,5
1170,RAVDESS/Actor_20/03-01-05-01-02-01-20.wav,20,female,angry,5
1171,RAVDESS/Actor_20/03-01-05-01-02-02-20.wav,20,female,angry,5
1172,RAVDESS/Actor_20/03-01-05-02-01-01-20.wav,20,female,angry,5
1173,RAVDESS/Actor_20/03-01-05-02-01-02-20.wav,20,female,angry,5
1174,RAVDESS/Actor_20/03-01-05-02-02-01-20.wav,20,female,angry,5
1175,RAVDESS/Actor_20/03-01-05-02-02-02-20.wav,20,female,angry,5
1176,RAVDESS/Actor_20/03-01-06-01-01-01-20.wav,20,female,fearful,6
1177,RAVDESS/Actor_20/03-01-06-01-01-02-20.wav,20,female,fearful,6
1178,RAVDESS/Actor_20/03-01-06-01-02-01-20.wav,20,female,fearful,6
1179,RAVDESS/Actor_20/03-01-06-01-02-02-20.wav,20,female,fearful,6
1180,RAVDESS/Actor_20/03-01-06-02-01-01-20.wav,20,female,fearful,6
1181,RAVDESS/Actor_20/03-01-06-02-01-02-20.wav,20,female,fearful,6
1182,RAVDESS/Actor_20/03-01-06-02-02-01-20.wav,20,female,fearful,6
1183,RAVDESS/Actor_20/03-01-06-02-02-02-20.wav,20,female,fearful,6
1184,RAVDESS/Actor_20/03-01-07-01-01-01-20.wav,20,female,disgust,7
1185,RAVDESS/Actor_20/03-01-07-01-01-02-20.wav,20,female,disgust,7
1186,RAVDESS/Actor_20/03-01-07-01-02-01-20.wav,20,female,disgust,7
1187,RAVDESS/Actor_20/03-01-07-01-02-02-20.wav,20,female,disgust,7
1188,RAVDESS/Actor_20/03-01-07-02-01-01-20.wav,20,female,disgust,7
1189,RAVDESS/Actor_20/03-01-07-02-01-02-20.wav,20,female,disgust,7
1190,RAVDESS/Actor_20/03-01-07-02-02-01-20.wav,20,female,disgust,7
1191,RAVDESS/Actor_20/03-01-07-02-02-02-20.wav,20,female,disgust,7
1192,RAVDESS/Actor_20/03-01-08-01-01-01-20.wav,20,female,surprised,8
1193,RAVDESS/Actor_20/03-01-08-01-01-02-20.wav,20,female,surprised,8
1194,RAVDESS/Actor_20/03-01-08-01-02-01-20.wav,20,female,surprised,8
1195,RAVDESS/Actor_20/03-01-08-01-02-02-20.wav,20,female,surprised,8
1196,RAVDESS/Actor_20/03-01-08-02-01-01-20.wav,20,female,surprised,8
1197,RAVDESS/Actor_20/03-01-08-02-01-02-20.wav,20,female,surprised,8
1198,RAVDESS/Actor_20/03-01-08-02-02-01-20.wav,20,female,surprised,8
1199,RAVDESS/Actor_20/03-01-08-02-02-02-20.wav,20,female,surprised,8
1200,RAVDESS/Actor_21/03-01-01-01-01-01-21.wav,21,male,neutral,1
1201,RAVDESS/Actor_21/03-01-01-01-01-02-21.wav,21,male,neutral,1
1202,RAVDESS/Actor_21/03-01-01-01-02-01-21.wav,21,male,neutral,1
1203,RAVDESS/Actor_21/03-01-01-01-02-02-21.wav,21,male,neutral,1
1204,RAVDESS/Actor_21/03-01-02-01-01-01-21.wav,21,male,calm,2
1205,RAVDESS/Actor_21/03-01-02-01-01-02-21.wav,21,male,calm,2
1206,RAVDESS/Actor_21/03-01-02-01-02-01-21.wav,21,male,calm,2
1207,RAVDESS/Actor_21/03-01-02-01-02-02-21.wav,21,male,calm,2
1208,RAVDESS/Actor_21/03-01-02-02-01-01-21.wav,21,male,calm,2
1209,RAVDESS/Actor_21/03-01-02-02-01-02-21.wav,21,male,calm,2
1210,RAVDESS/Actor_21/03-01-02-02-02-01-21.wav,21,male,calm,2
1211,RAVDESS/Actor_21/03-01-02-02-02-02-21.wav,21,male,calm,2
1212,RAVDESS/Actor_21/03-01-03-01-01-01-21.wav,21,male,happy,3
1213,RAVDESS/Actor_21/03-01-03-01-01-02-21.wav,21,male,happy,3
1214,RAVDESS/Actor_21/03-01-03-01-02-01-21.wav,21,male,happy,3
1215,RAVDESS/Actor_21/03-01-03-01-02-02-21.wav,21,male,happy,3
1216,RAVDESS/Actor_21/03-01-03-02-01-01-21.wav,21,male,happy,3
1217,RAVDESS/Actor_21/03-01-03-02-01-02-21.wav,21,male,happy,3
1218,RAVDESS/Actor_21/03-01-03-02-02-01-21.wav,21,male,happy,3
1219,RAVDESS/Actor_21/03-01-03-02-02-02-21.wav,21,male,happy,3
1220,RAVDESS/Actor_21/03-01-04-01-01-01-21.wav,21,male,sad,4
1221,RAVDESS/Actor_21/03-01-04-01-01-02-21.wav,21,male,sad,4
1222,RAVDESS/Actor_21/03-01-04-01-02-01-21.wav,21,male,sad,4
1223,RAVDESS/Actor_21/03-01-04-01-02-02-21.wav,21,male,sad,4
1224,RAVDESS/Actor_21/03-01-04-02-01-01-21.wav,21,male,sad,4
1225,RAVDESS/Actor_21/03-01-04-02-01-02-21.wav,21,male,sad,4
1226,RAVDESS/Actor_21/03-01-04-02-02-01-21.wav,21,male,sad,4
1227,RAVDESS/Actor_21/03-01-04-02-02-02-21.wav,21,male,sad,4
1228,RAVDESS/Actor_21/03-01-05-01-01-01-21.wav,21,male,angry,5
1229,RAVDESS/Actor_21/03-01-05-01-01-02-21.wav,21,male,angry,5
1230,RAVDESS/Actor_21/03-01-05-01-02-01-21.wav,21,male,angry,5
1231,RAVDESS/Actor_21/03-01-05-01-02-02-21.wav,21,male,angry,5
1232,RAVDESS/Actor_21/03-01-05-02-01-01-21.wav,21,male,angry,5
1233,RAVDESS/Actor_21/03-01-05-02-01-02-21.wav,21,male,angry,5
1234,RAVDESS/Actor_21/03-01-05-02-02-01-21.wav,21,male,angry,5
1235,RAVDESS/Actor_21/03-01-05-02-02-02-21.wav,21,male,angry,5
1236,RAVDESS/Actor_21/03-01-06-01-01-01-21.wav,21,male,fearful,6
1237,RAVDESS/Actor_21/03-01-06-01-01-02-21.wav,21,male,fearful,6
1238,RAVDESS/Actor_21/03-01-06-01-02-01-21.wav,21,male,fearful,6
1239,RAVDESS/Actor_21/03-01-06-01-02-02-21.wav,21,male,fearful,6
1240,RAVDESS/Actor_21/03-01-06-02-01-01-21.wav,21,male,fearful,6
1241,RAVDESS/Actor_21/03-01-06-02-01-02-21.wav,21,male,fearful,6
1242,RAVDESS/Actor_21/03-01-06-02-02-01-21.wav,21,male,fearful,6
1243,RAVDESS/Actor_21/03-01-06-02-02-02-21.wav,21,male,fearful,6
1244,RAVDESS/Actor_21/03-01-07-01-01-01-21.wav,21,male,disgust,7
1245,RAVDESS/Actor_21/03-01-07-01-01-02-21.wav,21,male,disgust,7
1246,RAVDESS/Actor_21/03-01-07-01-02-01-21.wav,21,male,disgust,7
1247,RAVDESS/Actor_21/03-01-07-01-02-02-21.wav,21,male,disgust,7
1248,RAVDESS/Actor_21/03-01-07-02-01-01-21.wav,21,male,disgust,7
1249,RAVDESS/Actor_21/03-01-07-02-01-02-21.wav,21,male,disgust,7
1250,RAVDESS/Actor_21/03-01-07-02-02-01-21.wav,21,male,disgust,7
1251,RAVDESS/Actor_21/03-01-07-02-02-02-21.wav,21,male,disgust,7
1252,RAVDESS/Actor_21/03-01-08-01-01-01-21.wav,21,male,surprised,8
1253,RAVDESS/Actor_21/03-01-08-01-01-02-21.wav,21,male,surprised,8
1254,RAVDESS/Actor_21/03-01-08-01-02-01-21.wav,21,male,surprised,8
1255,RAVDESS/Actor_21/03-01-08-01-02-02-21.wav,21,male,surprised,8
1256,RAVDESS/Actor_21/03-01-08-02-01-01-21.wav,21,male,surprised,8
1257,RAVDESS/Actor_21/03-01-08-02-01-02-21.wav,21,male,surprised,8
1258,RAVDESS/Actor_21/03-01-08-02-02-01-21.wav,21,male,surprised,8
1259,RAVDESS/Actor_21/03-01-08-02-02-02-21.wav,21,male,surprised,8
1260,RAVDESS/Actor_22/03-01-01-01-01-01-22.wav,22,female,neutral,1
1261,RAVDESS/Actor_22/03-01-01-01-01-02-22.wav,22,female,neutral,1
1262,RAVDESS/Actor_22/03-01-01-01-02-01-22.wav,22,female,neutral,1
1263,RAVDESS/Actor_22/03-01-01-01-02-02-22.wav,22,female,neutral,1
1264,RAVDESS/Actor_22/03-01-02-01-01-01-22.wav,22,female,calm,2
1265,RAVDESS/Actor_22/03-01-02-01-01-02-22.wav,22,female,calm,2
1266,RAVDESS/Actor_22/03-01-02-01-02-01-22.wav,22,female,calm,2
1267,RAVDESS/Actor_22/03-01-02-01-02-02-22.wav,22,female,calm,2
1268,RAVDESS/Actor_22/03-01-02-02-01-01-22.wav,22,female,calm,2
1269,RAVDESS/Actor_22/03-01-02-02-01-02-22.wav,22,female,calm,2
1270,RAVDESS/Actor_22/03-01-02-02-02-01-22.wav,22,female,calm,2
1271,RAVDESS/Actor_22/03-01-02-02-02-02-22.wav,22,female,calm,2
1272,RAVDESS/Actor_22/03-01-03-01-01-01-22.wav,22,female,happy,3
1273,RAVDESS/Actor_22/03-01-03-01-01-02-22.wav,22,female,happy,3
1274,RAVDESS/Actor_22/03-01-03-01-02-01-22.wav,22,female,happy,3
1275,RAVDESS/Actor_22/03-01-03-01-02-02-22.wav,22,female,happy,3
1276,RAVDESS/Actor_22/03-01-03-02-01-01-22.wav,22,female,happy,3
1277,RAVDESS/Actor_22/03-01-03-02-01-02-22.wav,22,female,happy,3
1278,RAVDESS/Actor_22/03-01-03-02-02-01-22.wav,22,female,happy,3
1279,RAVDESS/Actor_22/03-01-03-02-02-02-22.wav,22,female,happy,3
1280,RAVDESS/Actor_22/03-01-04-01-01-01-22.wav,22,female,sad,4
1281,RAVDESS/Actor_22/03-01-04-01-01-02-22.wav,22,female,sad,4
1282,RAVDESS/Actor_22/03-01-04-01-02-01-22.wav,22,female,sad,4
1283,RAVDESS/Actor_22/03-01-04-01-02-02-22.wav,22,female,sad,4
1284,RAVDESS/Actor_22/03-01-04-02-01-01-22.wav,22,female,sad,4
1285,RAVDESS/Actor_22/03-01-04-02-01-02-22.wav,22,female,sad,4
1286,RAVDESS/Actor_22/03-01-04-02-02-01-22.wav,22,female,sad,4
1287,RAVDESS/Actor_22/03-01-04-02-02-02-22.wav,22,female,sad,4
1288,RAVDESS/Actor_22/03-01-05-01-01-01-22.wav,22,female,angry,5
1289,RAVDESS/Actor_22/03-01-05-01-01-02-22.wav,22,female,angry,5
1290,RAVDESS/Actor_22/03-01-05-01-02-01-22.wav,22,female,angry,5
1291,RAVDESS/Actor_22/03-01-05-01-02-02-22.wav,22,female,angry,5
1292,RAVDESS/Actor_22/03-01-05-02-01-01-22.wav,22,female,angry,5
1293,RAVDESS/Actor_22/03-01-05-02-01-02-22.wav,22,female,angry,5
1294,RAVDESS/Actor_22/03-01-05-02-02-01-22.wav,22,female,angry,5
1295,RAVDESS/Actor_22/03-01-05-02-02-02-22.wav,22,female,angry,5
1296,RAVDESS/Actor_22/03-01-06-01-01-01-22.wav,22,female,fearful,6
1297,RAVDESS/Actor_22/03-01-06-01-01-02-22.wav,22,female,fearful,6
1298,RAVDESS/Actor_22/03-01-06-01-02-01-22.wav,22,female,fearful,6
1299,RAVDESS/Actor_22/03-01-06-01-02-02-22.wav,22,female,fearful,6
1300,RAVDESS/Actor_22/03-01-06-02-01-01-22.wav,22,female,fearful,6
1301,RAVDESS/Actor_22/03-01-06-02-01-02-22.wav,22,female,fearful,6
1302,RAVDESS/Actor_22/03-01-06-02-02-01-22.wav,22,female,fearful,6
1303,RAVDESS/Actor_22/03-01-06-02-02-02-22.wav,22,female,fearful,6
1304,RAVDESS/Actor_22/03-01-07-01-01-01-22.wav,22,female,disgust,7
1305,RAVDESS/Actor_22/03-01-07-01-01-02-22.wav,22,female,disgust,7
1306,RAVDESS/Actor_22/03-01-07-01-02-01-22.wav,22,female,disgust,7
1307,RAVDESS/Actor_22/03-01-07-01-02-02-22.wav,22,female,disgust,7
1308,RAVDESS/Actor_22/03-01-07-02-01-01-22.wav,22,female,disgust,7
1309,RAVDESS/Actor_22/03-01-07-02-01-02-22.wav,22,female,disgust,7
1310,RAVDESS/Actor_22/03-01-07-02-02-01-22.wav,22,female,disgust,7
1311,RAVDESS/Actor_22/03-01-07-02-02-02-22.wav,22,female,disgust,7
1312,RAVDESS/Actor_22/03-01-08-01-01-01-22.wav,22,female,surprised,8
1313,RAVDESS/Actor_22/03-01-08-01-01-02-22.wav,22,female,surprised,8
1314,RAVDESS/Actor_22/03-01-08-01-02-01-22.wav,22,female,surprised,8
1315,RAVDESS/Actor_22/03-01-08-01-02-02-22.wav,22,female,surprised,8
1316,RAVDESS/Actor_22/03-01-08-02-01-01-22.wav,22,female,surprised,8
1317,RAVDESS/Actor_22/03-01-08-02-01-02-22.wav,22,female,surprised,8
1318,RAVDESS/Actor_22/03-01-08-02-02-01-22.wav,22,female,surprised,8
1319,RAVDESS/Actor_22/03-01-08-02-02-02-22.wav,22,female,surprised,8
1320,RAVDESS/Actor_23/03-01-01-01-01-01-23.wav,23,male,neutral,1
1321,RAVDESS/Actor_23/03-01-01-01-01-02-23.wav,23,male,neutral,1
1322,RAVDESS/Actor_23/03-01-01-01-02-01-23.wav,23,male,neutral,1
1323,RAVDESS/Actor_23/03-01-01-01-02-02-23.wav,23,male,neutral,1
1324,RAVDESS/Actor_23/03-01-02-01-01-01-23.wav,23,male,calm,2
1325,RAVDESS/Actor_23/03-01-02-01-01-02-23.wav,23,male,calm,2
1326,RAVDESS/Actor_23/03-01-02-01-02-01-23.wav,23,male,calm,2
1327,RAVDESS/Actor_23/03-01-02-01-02-02-23.wav,23,male,calm,2
1328,RAVDESS/Actor_23/03-01-02-02-01-01-23.wav,23,male,calm,2
1329,RAVDESS/Actor_23/03-01-02-02-01-02-23.wav,23,male,calm,2
1330,RAVDESS/Actor_23/03-01-02-02-02-01-23.wav,23,male,calm,2
1331,RAVDESS/Actor_23/03-01-02-02-02-02-23.wav,23,male,calm,2
1332,RAVDESS/Actor_23/03-01-03-01-01-01-23.wav,23,male,happy,3
1333,RAVDESS/Actor_23/03-01-03-01-01-02-23.wav,23,male,happy,3
1334,RAVDESS/Actor_23/03-01-03-01-02-01-23.wav,23,male,happy,3
1335,RAVDESS/Actor_23/03-01-03-01-02-02-23.wav,23,male,happy,3
1336,RAVDESS/Actor_23/03-01-03-02-01-01-23.wav,23,male,happy,3
1337,RAVDESS/Actor_23/03-01-03-02-01-02-23.wav,23,male,happy,3
1338,RAVDESS/Actor_23/03-01-03-02-02-01-23.wav,23,male,happy,3
1339,RAVDESS/Actor_23/03-01-03-02-02-02-23.wav,23,male,happy,3
1340,RAVDESS/Actor_23/03-01-04-01-01-01-23.wav,23,male,sad,4
1341,RAVDESS/Actor_23/03-01-04-01-01-02-23.wav,23,male,sad,4
1342,RAVDESS/Actor_23/03-01-04-01-02-01-23.wav,23,male,sad,4
1343,RAVDESS/Actor_23/03-01-04-01-02-02-23.wav,23,male,sad,4
1344,RAVDESS/Actor_23/03-01-04-02-01-01-23.wav,23,male,sad,4
1345,RAVDESS/Actor_23/03-01-04-02-01-02-23.wav,23,male,sad,4
1346,RAVDESS/Actor_23/03-01-04-02-02-01-23.wav,23,male,sad,4
1347,RAVDESS/Actor_23/03-01-04-02-02-02-23.wav,23,male,sad,4
1348,RAVDESS/Actor_23/03-01-05-01-01-01-23.wav,23,male,angry,5
1349,RAVDESS/Actor_23/03-01-05-01-01-02-23.wav,23,male,angry,5
1350,RAVDESS/Actor_23/03-01-05-01-02-01-23.wav,23,male,angry,5
1351,RAVDESS/Actor_23/03-01-05-01-02-02-23.wav,23,male,angry,5
1352,RAVDESS/Actor_23/03-01-05-02-01-01-23.wav,23,male,angry,5
1353,RAVDESS/Actor_23/03-01-05-02-01-02-23.wav,23,male,angry,5
1354,RAVDESS/Actor_23/03-01-05-02-02-01-23.wav,23,male,angry,5
1355,RAVDESS/Actor_23/03-01-05-02-02-02-23.wav,23,male,angry,5
1356,RAVDESS/Actor_23/03-01-06-01-01-01-23.wav,23,male,fearful,6
1357,RAVDESS/Actor_23/03-01-06-01-01-02-23.wav,23,male,fearful,6
1358,RAVDESS/Actor_23/03-01-06-01-02-01-23.wav,23,male,fearful,6
1359,RAVDESS/Actor_23/03-01-06-01-02-02-23.wav,23,male,fearful,6
1360,RAVDESS/Actor_23/03-01-06-02-01-01-23.wav,23,male,fearful,6
1361,RAVDESS/Actor_23/03-01-06-02-01-02-23.wav,23,male,fearful,6
1362,RAVDESS/Actor_23/03-01-06-02-02-01-23.wav,23,male,fearful,6
1363,RAVDESS/Actor_23/03-01-06-02-02-02-23.wav,23,male,fearful,6
1364,RAVDESS/Actor_23/03-01-07-01-01-01-23.wav,23,male,disgust,7
1365,RAVDESS/Actor_23/03-01-07-01-01-02-23.wav,23,male,disgust,7
1366,RAVDESS/Actor_23/03-01-07-01-02-01-23.wav,23,male,disgust,7
1367,RAVDESS/Actor_23/03-01-07-01-02-02-23.wav,23,male,disgust,7
1368,RAVDESS/Actor_23/03-01-07-02-01-01-23.wav,23,male,disgust,7
1369,RAVDESS/Actor_23/03-01-07-02-01-02-23.wav,23,male,disgust,7
1370,RAVDESS/Actor_23/03-01-07-02-02-01-23.wav,23,male,disgust,7
1371,RAVDESS/Actor_23/03-01-07-02-02-02-23.wav,23,male,disgust,7
1372,RAVDESS/Actor_23/03-01-08-01-01-01-23.wav,23,male,surprised,8
1373,RAVDESS/Actor_23/03-01-08-01-01-02-23.wav,23,male,surprised,8
1374,RAVDESS/Actor_23/03-01-08-01-02-01-23.wav,23,male,surprised,8
1375,RAVDESS/Actor_23/03-01-08-01-02-02-23.wav,23,male,surprised,8
1376,RAVDESS/Actor_23/03-01-08-02-01-01-23.wav,23,male,surprised,8
1377,RAVDESS/Actor_23/03-01-08-02-01-02-23.wav,23,male,surprised,8
1378,RAVDESS/Actor_23/03-01-08-02-02-01-23.wav,23,male,surprised,8
1379,RAVDESS/Actor_23/03-01-08-02-02-02-23.wav,23,male,surprised,8
1380,RAVDESS/Actor_24/03-01-01-01-01-01-24.wav,24,female,neutral,1
1381,RAVDESS/Actor_24/03-01-01-01-01-02-24.wav,24,female,neutral,1
1382,RAVDESS/Actor_24/03-01-01-01-02-01-24.wav,24,female,neutral,1
1383,RAVDESS/Actor_24/03-01-01-01-02-02-24.wav,24,female,neutral,1
1384,RAVDESS/Actor_24/03-01-02-01-01-01-24.wav,24,female,calm,2
1385,RAVDESS/Actor_24/03-01-02-01-01-02-24.wav,24,female,calm,2
1386,RAVDESS/Actor_24/03-01-02-01-02-01-24.wav,24,female,calm,2
1387,RAVDESS/Actor_24/03-01-02-01-02-02-24.wav,24,female,calm,2
1388,RAVDESS/Actor_24/03-01-02-02-01-01-24.wav,24,female,calm,2
1389,RAVDESS/Actor_24/03-01-02-02-01-02-24.wav,24,female,calm,2
1390,RAVDESS/Actor_24/03-01-02-02-02-01-24.wav,24,female,calm,2
1391,RAVDESS/Actor_24/03-01-02-02-02-02-24.wav,24,female,calm,2
1392,RAVDESS/Actor_24/03-01-03-01-01-01-24.wav,24,female,happy,3
1393,RAVDESS/Actor_24/03-01-03-01-01-02-24.wav,24,female,happy,3
1394,RAVDESS/Actor_24/03-01-03-01-02-01-24.wav,24,female,happy,3
1395,RAVDESS/Actor_24/03-01-03-01-02-02-24.wav,24,female,happy,3
1396,RAVDESS/Actor_24/03-01-03-02-01-01-24.wav,24,female,happy,3
1397,RAVDESS/Actor_24/03-01-03-02-01-02-24.wav,24,female,happy,3
1398,RAVDESS/Actor_24/03-01-03-02-02-01-24.wav,24,female,happy,3
1399,RAVDESS/Actor_24/03-01-03-02-02-02-24.wav,24,female,happy,3
1400,RAVDESS/Actor_24/03-01-04-01-01-01-24.wav,24,female,sad,4
1401,RAVDESS/Actor_24/03-01-04-01-01-02-24.wav,24,female,sad,4
1402,RAVDESS/Actor_24/03-01-04-01-02-01-24.wav,24,female,sad,4
1403,RAVDESS/Actor_24/03-01-04-01-02-02-24.wav,24,female,sad,4
1404,RAVDESS/Actor_24/03-01-04-02-01-01-24.wav,24,female,sad,4
1405,RAVDESS/Actor_24/03-01-04-02-01-02-24.wav,24,female,sad,4
1406,RAVDESS/Actor_24/03-01-04-02-02-01-24.wav,24,female,sad,4
1407,RAVDESS/Actor_24/03-01-04-02-02-02-24.wav,24,female,sad,4
1408,RAVDESS/Actor_24/03-01-05-01-01-01-24.wav,24,female,angry,5
1409,RAVDESS/Actor_24/03-01-05-01-01-02-24.wav,24,female,angry,5
1410,RAVDESS/Actor_24/03-01-05-01-02-01-24.wav,24,female,angry,5
1411,RAVDESS/Actor_24/03-01-05-01-02-02-24.wav,24,female,angry,5
1412,RAVDESS/Actor_24/03-01-05-02-01-01-24.wav,24,female,angry,5
1413,RAVDESS/Actor_24/03-01-05-02-01-02-24.wav,24,female,angry,5
1414,RAVDESS/Actor_24/03-01-05-02-02-01-24.wav,24,female,angry,5
1415,RAVDESS/Actor_24/03-01-05-02-02-02-24.wav,24,female,angry,5
1416,RAVDESS/Actor_24/03-01-06-01-01-01-24.wav,24,female,fearful,6
1417,RAVDESS/Actor_24/03-01-06-01-01-02-24.wav,24,female,fearful,6
1418,RAVDESS/Actor_24/03-01-06-01-02-01-24.wav,24,female,fearful,6
1419,RAVDESS/Actor_24/03-01-06-01-02-02-24.wav,24,female,fearful,6
1420,RAVDESS/Actor_24/03-01-06-02-01-01-24.wav,24,female,fearful,6
1421,RAVDESS/Actor_24/03-01-06-02-01-02-24.wav,24,female,fearful,6
1422,RAVDESS/Actor_24/03-01-06-02-02-01-24.wav,24,female,fearful,6
1423,RAVDESS/Actor_24/03-01-06-02-02-02-24.wav,24,female,fearful,6
1424,RAVDESS/Actor_24/03-01-07-01-01-01-24.wav,24,female,disgust,7
1425,RAVDESS/Actor_24/03-01-07-01-01-02-24.wav,24,female,disgust,7
1426,RAVDESS/Actor_24/03-01-07-01-02-01-24.wav,24,female,disgust,7
1427,RAVDESS/Actor_24/03-01-07-01-02-02-24.wav,24,female,disgust,7
1428,RAVDESS/Actor_24/03-01-07-02-01-01-24.wav,24,female,disgust,7
1429,RAVDESS/Actor_24/03-01-07-02-01-02-24.wav,24,female,disgust,7
1430,RAVDESS/Actor_24/03-01-07-02-02-01-24.wav,24,female,disgust,7
1431,RAVDESS/Actor_24/03-01-07-02-02-02-24.wav,24,female,disgust,7
1432,RAVDESS/Actor_24/03-01-08-01-01-01-24.wav,24,female,surprised,8
1433,RAVDESS/Actor_24/03-01-08-01-01-02-24.wav,24,female,surprised,8
1434,RAVDESS/Actor_24/03-01-08-01-02-01-24.wav,24,female,surprised,8
1435,RAVDESS/Actor_24/03-01-08-01-02-02-24.wav,24,female,surprised,8
1436,RAVDESS/Actor_24/03-01-08-02-01-01-24.wav,24,female,surprised,8
1437,RAVDESS/Actor_24/03-01-08-02-01-02-24.wav,24,female,surprised,8
1438,RAVDESS/Actor_24/03-01-08-02-02-01-24.wav,24,female,surprised,8
1439,RAVDESS/Actor_24/03-01-08-02-02-02-24.wav,24,female,surprised,8
